Game_ID,Words
1,['HAIL', 'LEVEL', 'RETURN', 'OPTION', 'SNOW', 'NETS', 'TAB', 'KAYAK', 'HEAT', 'JAZZ', 'SLEET', 'MOM', 'RACECAR', 'SHIFT', 'BUCKS', 'RAIN']
2,['MILE', 'LOAFER', 'LEAGUE', 'TIME', 'BOOT', 'ESSENCE', 'SNEAKER', 'US', 'PEOPLE', 'PUMP', 'SEA', 'YARD', 'FOOT', 'QUEUE', 'ARE', 'WHY']
3,['POM', 'TENOR', 'WOLF', 'PEKE', 'SCARF', 'KING', 'PIT', 'GOBBLE', 'EYE', 'LAB', 'CHEEK', 'NOSE', 'AMIGO', 'STOOGE', 'MOUTH', 'CHOW']
4,['REEBOK', 'DUST', 'SPIDER', 'ADIDAS', 'CABARET', 'SWEEP', 'PUMA', 'CHICAGO', 'MOP', 'CAROUSEL', 'VACUUM', 'CATS', 'SUPER', 'NIKE', 'IRON', 'BAT']
5,['HULU', 'LOW', 'KETCHUP', 'RELISH', 'GREEN', 'GLUM', 'SCARLET', 'PRIME', 'DOWN', 'MUSTARD', 'PLUM', 'MAYO', 'PEACOCK', 'BLUE', 'NETFLIX', 'TARTAR']
6,['SISTER', 'WONDER', 'SEA', 'ROYAL', 'CHANCE', 'ICE CUBE', 'SIN', 'BABY', 'MIDNIGHT', 'GO', 'POWDER', 'BOARDWALK', 'COMMON', 'Q-TIP', 'JAIL', 'FUTURE']
7,['SILVER', 'JOHN', 'THRONE', 'JELLY', 'CRAY', 'CUB', 'STAR', 'CAN', 'JOEY', 'CALF', 'HEAD', 'KID', 'KNEE', 'SHIN', 'ANKLE', 'THIGH']
8,['BACKGAMMON', 'CHESS', 'RUBY', 'FLORIDA', 'FIRE TRUCK', 'GO', 'QUEEN', 'FULL', 'LOCKSMITH', 'TWIN', 'CHECKERS', 'STOP SIGN', 'KING', 'PIANO', 'CRYPTOGRAPHY', 'CHERRY']
9,['POLO', 'ANT', 'FENCING', 'ONION', 'TANK', 'BEET', 'MANTIS', 'CORN', 'CRICKET', 'TERMITE', 'BEETLE', 'CAMI', 'TEE', 'SQUASH', 'HALTER', 'CARROT']
10,['KIWI', 'TOGO', 'TWINS', 'JAY', 'FISH', 'GEORGIA', 'CRANE', 'GOAT', 'DATE', 'JORDAN', 'SCALES', 'TURKEY', 'CHAD', 'LEMON', 'SWALLOW', 'ORANGE']
11,['CORIANDER', 'SCARY', 'BIRD', 'SWEETIE', 'CUMIN', 'ANGEL', 'BABY', 'PEGASUS', 'POSH', 'CARDAMOM', 'HONEY', 'AIRPLANE', 'BOO', 'GINGER', 'SUGAR', 'CLOVE']
12,['PACK', 'LORIS', 'SEC', 'TAN', 'GREED', 'SCHOOL', 'SLOTH', 'POD', 'COT', 'LUST', 'SNAIL', 'SIN', 'TORTOISE', 'PRIDE', 'ENVY', 'FLOCK']
13,['GNAT', 'GNOCCHI', 'IOTA', 'BETA', 'FRONTIER', 'NU', 'KNEW', 'SPIRIT', 'DELTA', 'GNU', 'NEW', 'VIRGIN', 'CHI', 'UNITED', 'GNAW', 'GNOME']
14,['WARNER', 'LINK', 'MURPHY', 'TRUNDLE', 'CRASH', 'CANOPY', 'JONAS', 'SONIC', 'PILOT', 'MARX', 'BUNK', 'ACCORD', 'CIVIC', 'WRIGHT', 'PASSPORT', 'MARIO']
15,['SILVER', 'HOOK', 'BROWN', 'LURE', 'VIOLET', 'ROD', 'TURQUOISE', 'CAW', 'CLUCK', 'TWEET', 'CHIRP', 'REEL', 'PINK', 'SPARROW', 'JONES', 'TACKLE']
16,['PECAN', 'WALNUT', 'CASHEW', 'ALMOND', 'PEANUT', 'BEAN', 'LATTE', 'ESPRESSO', 'FOX', 'OLIVE', 'KELLY', 'AMERICANO', 'CAPPUCCINO', 'CLEAN', 'FOREST', 'EMERALD']
17,['GAIN', 'STARBOARD', 'SCARF', 'LOVE', 'BOLO', 'PORT', 'BERMUDA', 'ASCOT', 'TIDE', 'ALL', 'ERA', 'BOW', 'ACUTE', 'TIE', 'STERN', 'RIGHT']
18,['QUINN', 'QUAD', 'TROPHY', 'BEAR', 'BILL', 'MEDAL', 'GREY', 'HOUSE', 'COMMANDER', 'PEC', 'TRI', 'LAT', 'RIBBON', 'CUP', 'HOWSER', 'BROWN']
19,['EGGSHELL', 'MIRROR', 'CRUCIFIX', 'VENISON', 'SPAT', 'QUARREL', 'CREAM', 'GARLIC', 'TIFF', 'PORK', 'IVORY', 'BEEF', 'ROW', 'VANILLA', 'STAKE', 'POULTRY']
20,['BROWN', 'RYE', 'HOWARD', 'BARLEY', 'OAT', 'EARL', 'BARON', 'BONG', 'KING', 'LEE', 'RICE', 'FORD', 'PRINCE', 'SPELT', 'STONE', 'DUKE']
21,['PUNK', 'CHROME', 'JAZZ', 'JO', 'BABY', 'WAYNE', 'RAP', 'AMY', 'MEG', 'OPERA', 'POP', 'JON', 'SAFARI', 'EDGE', 'KIM', 'BETH']
22,['BARRIER', 'DALMATIAN', 'BOXER', 'MUZZLE', 'TRUNK', 'WAVE', 'SNOUT', 'STOP', 'POODLE', 'ASLEEP', 'YIELD', 'BITE', 'DETOUR', 'SLOW', 'HUSKY', 'BEAK']
23,['BEACH BOY', 'MACARENA', 'VOGUE', 'WEBSITE', 'FORTUNE', 'ROLLING STONE', 'BEATLE', 'MASHED POTATO', 'DOUGIE', 'SAUSAGE', 'TWIST', 'BYRD', 'WIRED', 'CHAIN', 'MONKEE', 'GOLF COURSE']
24,['BOUNTY', 'BLINK', 'ANVIL', 'MILKY WAY', 'STIRRUP', 'COCHLEA', 'GENESIS', 'SWITCH', 'CRUNCH', 'HAMMER', 'U', 'HEATH', 'SUM', 'DREAMCAST', 'MAROON', 'WII']
25,['NARWHAL', 'ELEPHANT', 'HANDLEBAR', 'FUDGE', 'WARTHOG', 'MOUSSE', 'SHOOT', 'HECK', 'TIRAMISU', 'WALRUS', 'FLAN', 'CHEESECAKE', 'DARN', 'HORSESHOE', 'HIPPO', 'PENCIL']
26,['ECHO', 'MIMIC', 'LIVID', 'DILL', 'MILD', 'PORTUGAL', 'WAITS', 'HOLLAND', 'GREECE', 'CRUISE', 'POLAND', 'MIX', 'DENMARK', 'PETTY', 'PARROT', 'COPY']
27,['HEART', 'KNIFE', 'BOWLER', 'BERET', 'KIDNEY', 'LUNG', 'LIVER', 'POT', 'FEZ', 'PAGE', 'JACKET', 'COVER', 'FEDORA', 'ASS', 'RABBIT', 'SPINE']
28,['ZIP', 'MANGO', 'COCONUT', 'DOC', 'PENGUIN', 'EMU', 'OSTRICH', 'GIF', 'BANANA', 'GRUMPY', 'HAPPY', 'PDF', 'TIFF', 'BASHFUL', 'PINEAPPLE', 'KIWI']
29,['LAP', 'ADD', 'GNAT', 'ALLEY', 'SOLE', 'FLY', 'SKATE', 'WASP', 'DIVIDE', 'COPY', 'MULTIPLY', 'MOTH', 'TANG', 'COOL', 'TETRA', 'SUBTRACT']
30,['SHOULDER', 'BRONCO', 'SHELL', 'AIRPLANE', 'PACKER', 'HIP', 'MOTHER', 'THEM', 'COWBOY', 'BOWTIE', 'SPIRAL', 'KNEE', 'ELBOW', 'RAVEN', 'OKLAHOMA', 'WRIST']
31,['POD', 'PAD', 'POLISH', 'CONE', 'CUBE', 'MAC', 'JOB', 'PHONE', 'PYRAMID', 'TOMATO', 'CUCUMBER', 'LIMA', 'SPHERE', 'EGGPLANT', 'MOBILE', 'PEPPER']
32,['SOLE', 'DUCKIE', 'CLUE', 'CEMENT', 'HUNT', 'SOUL', 'TONGUE', 'BAND', 'TROUBLE', 'RISK', 'HEEL', 'RYAN', 'BOND', 'SORRY', 'SMART', 'LACE']
33,['SHANK', 'JOSH', 'CHUCK', 'FERRY', 'SUB', 'CLUB', 'MELT', 'JUNK', 'SUE', 'LOIN', 'ROUND', 'FLANK', 'TUG', 'CUBAN', 'ROB', 'YACHT']
34,['FRAGRANCE', 'BULL', 'PAPER', 'BOAR', 'SHOOT', 'FUNK', 'JACK', 'BLUES', 'SOUL', 'SCENT', 'COUNTRY', 'AROMA', 'BOUQUET', 'BUCK', 'ROCK', 'SCISSORS']
35,['NECK', 'DIME', 'ZINC', 'RAINBOW', 'LEAD', 'PENNY', 'TIN', 'HORSESHOE', 'QUARTER', 'HALF', 'MOON', 'SO', 'CLOVER', 'NICKEL', 'AGAIN', 'IRON']
36,['MOUNDS', 'EYE', 'WOMBAT', 'WALLABY', 'CRUNCH', 'DOUGH', 'KOALA', 'STACKS', 'GUN', 'TRUTH', 'MARS', 'CHEDDAR', 'CHUNKY', 'KANGAROO', 'PAPER', 'MOLE RAT']
37,['VEND', 'CUB', 'SEAL', 'MOVE', 'BRAKE', 'MALT', 'PEDDLE', 'SADDLE', 'CHAIN', 'TONG', 'CHIN', 'DOLPHIN', 'SPOKE', 'HAWK', 'OTTER', 'MANATEE']
38,['ELM', 'CEDAR', 'PLATEAU', 'FEAR', 'MOUNTAIN', 'HILL', 'JUMP', 'PINE', 'SESAME', 'VALLEY', 'ASH', 'MAPLE', 'ONION', 'EVERYTHING', 'PLAIN', 'POPPY']
39,['SHAG', 'NO', 'WATCH', 'SECOND', 'NEWTON', 'HERTZ', 'PIXIE', 'CROP', 'PEPPER', 'MOLE', 'CLOCK', 'SUNDIAL', 'J', 'EVIL', 'HOURGLASS', 'BOB']
40,['CAP', 'MONK', 'LID', 'CLARINET', 'CAT EYE', 'BASSOON', 'FLUTE', 'HARBOR', 'OBOE', 'AVIATOR', 'HARP', 'WAYFARER', 'TOP', 'COVER', 'WRAPAROUND', 'HOODED']
41,['FIJI', 'JAPAN', 'LUCKY', 'BREW', 'DASANI', 'MALTA', 'POP', 'JOE', 'SAM', 'VOSS', 'CUBA', 'PALAU', 'TONY', 'JAVA', 'EVIAN', 'MUD']
42,['MASK', 'FAT', 'BOLT', 'PERIOD', 'SPRINT', 'SNORKEL', 'HYPHEN', 'TANK', 'FINS', 'DASH', 'HOUSE', 'COMMA', 'COLON', 'JUNGLE', 'DOJA', 'RACE']
43,['FURIOUS', 'SCHOOL BUS', 'PELICAN', 'BOOBY', 'IRATE', 'GULL', 'BEASTIE', 'SUNFLOWER', 'LOST', 'HARDY', 'CANARY', 'BANANA', 'LIVID', 'BEACH', 'PUFFIN', 'INCENSED']
44,['SOLID', 'TESLA', 'PASTE', 'UNDO', 'SLATE', 'ROUT', 'GAS', 'CRUSH', 'PLASMA', 'STALE', 'TRASH', 'LEAST', 'CUT', 'SHELLAC', 'LIQUID', 'COPY']
45,['KING', 'CHECKERS', 'BOAT', 'OUTBACK', 'STRIPES', 'SONIC', 'SUN', 'THUNDER', 'SABBATH', 'CAR', 'FLOYD', 'SUBWAY', 'PLANE', 'TRAIN', 'MAGIC', 'DAY']
46,['ELLE', 'BLIZZARD', 'ALLURE', 'TORNADO', 'MUNICH', 'W', 'GLAMOUR', 'PHILADELPHIA', 'RIO', 'CHICAGO', 'CYCLONE', 'SQUALL']
47,['COBRA', 'GO', 'TREE', 'GECKO', 'IGUANA', 'LOTUS', 'DESERT', 'NAE', 'WARRIOR', 'FOREST', 'MONITOR', 'CAN', 'GRASSLAND', 'CHAMELEON', 'TUNDRA', 'CHA']
48,['TWEED', 'SCAR', 'GHOST', 'SPECTER', 'LINEN', 'CORDUROY', 'GENIE', 'STITCH', 'SPIRIT', 'TEASE', 'NEEDLE', 'BEAST', 'DENIM', 'PHANTOM', 'RIB', 'POKE']
49,['CUCKOO', 'MOTHER', 'NEPHEW', 'SCROOGE', 'ALARM', 'GRANDFATHER', 'DONALD', 'DEWEY', 'QUIRKY', 'KOOKY', 'DAISY', 'COUSIN', 'WACKY', 'AUNT', 'BIOLOGICAL', 'DAFFY']
50,['ACRYLIC', 'MILE', 'FALAFEL', 'OIL', 'DIM', 'SCHNITZEL', 'PEN', 'QUART', 'FOOT', 'NICK', 'TEMPERA', 'KATSU', 'WATERCOLOR', 'YARD', 'SAMOSA', 'INCH']
51,['BUMBLE', 'BLADE', 'HOAGIE', 'MATCH', 'SCOTT', 'HINGE', 'NEAR DARK', 'WEST', 'LOST BOYS', 'GRINDER', 'SUB', 'ANT', 'DRIVER', 'TINDER', 'HERO', 'TWILIGHT']
52,['TRIANGLE', 'MONITOR', 'HARP', 'ORGAN', 'MOUSE', 'MOAN', 'GROUSE', 'GRIPE', 'RAT', 'VOLE', 'GERBIL', 'KEYBOARD', 'SPEAKER', 'CARP', 'HORN', 'HAMSTER']
53,['DOMAIN', 'LIT', 'PRIDE', 'CLASS', 'BAKED', 'COLONY', 'CHEM', 'BLAZED', 'ORDER', 'SWARM', 'GOV', 'HERD', 'BIO', 'STATS', 'HIGH', 'FAMILY']
54,['FELIX', 'HARRY', 'ABBEY', 'GROVER', 'SILK', 'SYLVESTER', 'CALVIN', 'CHESTER', 'HIGH', 'GARFIELD', 'TEMPLE', 'RELIQUARY', 'ALTAR', 'TOM', 'ROCKY', 'SHRINE']
55,['PUCK', 'MEMORY', 'DUNCAN', 'HOCKEY', 'DOLL', 'JULIET', 'SELFIE', 'FISH', 'BLOCKS', 'GIGGLE', 'VIOLA', 'TOP', 'LEGGINGS', 'BAGGAGE', 'EGGNOG', 'YO-YO']
56,['BREAKOUT', 'PAC', 'ASTEROIDS', 'SPREAD', 'SWING', 'TANGO', 'FROGGER', 'PINCH', 'SWIPE', 'SAVAGE', 'CHAINZ', 'HUSTLE', 'SALSA', 'PONG', 'TAP', 'CENT']
57,['HOUNDSTOOTH', 'FICTION', 'ROMANCE', 'WESTERN', 'WHOPPER', 'LIE', 'TALE', 'MUSICAL', 'HORROR', 'STRIPES', 'GOOBER', 'KISS', 'DOT', 'FIB', 'PAISLEY', 'PLAID']
58,['SHARK', 'STORM', 'SCORPION', 'CRIBS', 'CATFISH', 'TICK', 'CHAR', 'STATE', 'JACKASS', 'PERCH', 'EEL', 'BLACK WIDOW', 'SPIDER', 'BLADE', 'FLASH', 'MITE']
59,['SUN', 'SEVERAL', 'LYME', 'MOON', 'COMET', 'SOME', 'PAIR', 'POST', 'HANDFUL', 'GLOBE', 'PLUMB', 'MELLON', 'ASTEROID', 'PLANET', 'JOURNAL', 'FEW']
60,['PURGE', 'FIELD', 'SAW', 'TICKLE', 'CHARM', 'RINK', 'BANGLE', 'PLEASE', 'DIAMOND', 'COURT', 'DELIGHT', 'RING', 'BROOCH', 'PENDANT', 'ANKLET', 'SCREAM']
61,['BARBIE', 'MATE', 'GENIUS', 'BUSH', 'FEYNMAN', 'FACULTY', 'SELLING', 'GIFT', 'FLAIR', 'MOOT', 'OPPENHEIMER', 'HAWKING', 'EINSTEIN', 'CRIKEY', 'MATCH', 'WEST']
62,['MU', 'ME', 'LA', 'NU', 'NA', 'HE', 'PI', 'PA', 'DO', 'NI', 'CO', 'XI', 'TI', 'MA', 'FA', 'FE']
63,['PLANET', 'SNAP', 'SQUAT', 'PRESS', 'CURL', 'BUCKLE', 'ZIP', 'OBVIOUS', 'LUNGE', 'NADA', 'CRUNCH', 'KANGAROO', 'NOTHING', 'JACK', 'PLANK', 'BUTTON']
64,['NOTICE', 'SPOT', 'SHIRT', 'ROVER', 'REX', 'STORM', 'SEE', 'FLY', 'BONE', 'FIDO', 'BAIT', 'SINKER', 'CHUM', 'LUCKY', 'OBSERVE', 'CATCH']
65,['VIGOR', 'STEAM', 'SPIRIT', 'JUICE', 'EARTH', 'PLASMA', 'GAS', 'LIQUID', 'TREE', 'WATER', 'SOLID', 'SATURN', 'WEDDING', 'AIR', 'CIRCUS', 'FIRE']
66,['WAFFLE', 'CENTURY', 'YEAR', 'CLOSE', 'MUNCH', 'MILLENNIUM', 'BACON', 'CEREAL', 'WHISTLER', 'DECADE', 'JUROR', 'EGG', 'PANCAKE', 'MONTH', 'ROSE', 'OMELET']
67,['MILLER', 'TWIST', 'FISHER', 'MEAL', 'COBBLER', 'PIE', 'DANCE', 'MASON', 'DOCTOR', 'ONE', 'DISTORT', 'TART', 'CAKE', 'SMITH', 'ROOT', 'FUDGE']
68,['CUP', 'SPONGE', 'VERY', 'REAL', 'GALLON', 'SUPER', 'COFFEE', 'QUART', 'POUND', 'RAND', 'CARROT', 'STERLING', 'QUITE', 'PINT', 'AWFUL', 'WON']
69,['HERB', 'CROCK', 'PAL', 'CLOG', 'POT', 'SLIDE', 'WOK', 'BUD', 'MARY JANE', 'SKILLET', 'WEDGE', 'MATE', 'CHUM', 'WEED', 'PUMP', 'GRASS']
70,['COOLER', 'JAB', 'MEAL', 'BARB', 'MEDIUM', 'SMALL', 'WEE', 'SLEEPING BAG', 'SLIGHT', 'DIG', 'LANTERN', 'MINUTE', 'CAMPER', 'HOUR', 'TENT', 'DISS']
71,['ARIZONA', 'SOPRANO', 'MONTANA', 'HAWK', 'STARK', 'CRUSH', 'SQUIRT', 'MUG', 'NEVADA', 'COLORADO', 'RUSH', 'UTAH', 'SPRITE', 'GENESIS', 'YES', 'KANSAS']
72,['SINGER', 'TASTE', 'ACTOR', 'BOYS', 'CARD', 'LIEUTENANT', 'DASHER', 'DANCER', 'HEART', 'VIXEN', 'SANTA', 'CHOCOLATE', 'COMET', 'STAND-UP', 'ROSE', 'CUPID']
73,['TRACK', 'PEDAL', 'MOVIE', 'STUBBLE', 'VOTE', 'SHADOW', 'MUSTACHE', 'GEAR', 'TAIL', 'BEARD', 'WHEEL', 'GOATEE', 'DOUBT', 'HANDLEBAR', 'DOG', 'FOLLOW']
74,['SMACK', 'TRILOBITE', 'THREADS', 'TURKEYS', 'PECK', 'DUDS', 'MASTODON', 'OUTFIT', 'MAMMOTH', 'MISSES', 'GETUP', 'BUSTS', 'X', 'FLOPS', 'SMOOCH', 'DODO']
75,['WHALE', 'BUNNY', 'CRICKET', 'ISLAND', 'COUNTER', 'BASH', 'EGG', 'WOODCARVER', 'RANGE', 'SUNDAY', 'BLOWOUT', 'PUPPET', 'SHINDIG', 'MIXER', 'SINK', 'PARTY']
76,['TABOO', 'OPINION', 'NIKE', 'STYLE', 'FOXY', 'ATLAS', 'RISK', 'TROUBLE', 'NATIONAL', 'GUCCI', 'BUSINESS', 'HERMES', 'SORRY', 'NOTORIOUS', 'KILLER', 'PARIS']
77,['TOM', 'HOLE', 'WING', 'TICKER', 'KICK', 'INFANT', 'BREAST', 'PUB', 'STROKE', 'SWIMMING', 'DRIVER', 'DRUMSTICK', 'TENDER', 'SNARE', 'CYMBAL', 'EAGLE']
78,['GUEST', 'HUSTLE', 'HEAVEN', 'BLISS', 'WAVE', 'HUG', 'CLOUD NINE', 'BUCKET', 'FAST ONE', 'WISH', 'HIGH FIVE', 'CON', 'RACKET', 'TOP TEN', 'SHAKE', 'PARADISE']
79,['RAVEN', 'IBEX', 'BLACK', 'FAT', 'SPLIT', 'JET', 'EBONY', 'ONYX', 'BOOK', 'ORYX', 'CYBER', 'FOX', 'LYNX', 'RUN', 'ASH', 'BOUNCE']
80,['CLOUT', 'ANKH', 'IMPACT', 'WEIGHT', 'SLIDE', 'SWING', 'TIMES', 'PULL', 'SANDBOX', 'PAPYRUS', 'COURIER', 'SEESAW', 'SCARAB', 'CROOK', 'EYE', 'SWAY']
81,['CRACKER', 'NICK', 'RIGHT', 'CORRECT', 'NACHO', 'SCRATCH', 'WING', 'YES', 'FRY', 'POPPER', 'DING', 'FLAP', 'LUMBER', 'CHIP', 'BINGO', 'APPLE']
82,['SNIFTER', 'POUND', 'COFFEE', 'FROST', 'BALLOON', 'FLUTE', 'GOBLET', 'BASSOON', 'CLARINET', 'TUMBLER', 'OBOE', 'OLDS', 'STEIN', 'SAXOPHONE', 'BISHOP', 'FRICASSEE']
83,['BUN', 'MUFFIN', 'NAKED', 'POLISH', 'SNAP', 'PUNT', 'BARE', 'UNCLAD', 'FILE', 'CLIP', 'NUDE', 'BUFF', 'TURNOVER', 'FUMBLE', 'DANISH', 'SACK']
84,['IT', 'WE', 'U', 'MARE', 'DOE', 'L', 'M', 'THEY', 'I', 'D', 'COW', 'V', 'YEW', 'YOU', 'EWE', 'HEN']
85,['ZIPPER', 'FOLDING', 'FIRST', 'COMB', 'EASEL', 'LAWN', 'REVERSE', 'DRIVE', 'PARK', 'BRUSH', 'GEAR', 'HIGH', 'CANVAS', 'PALETTE', 'NEUTRAL', 'SAW']
86,['GRAVY', 'DIAGRAM', 'BONUS', 'MONTERO', 'STUFFING', 'SATISFACTION', 'GRAPH', 'ICING', 'PERK', 'EXTRA', 'TURKEY', 'CHART', 'PIE', 'MAP', 'ISTANBUL', 'I RAN']
87,['AGENT', 'HORSE', 'SPY', 'TROLL', 'MOLE', 'DRAGON', 'STALK', 'GOBLIN', 'RABBIT', 'PETAL', 'TIGER', 'BUD', 'GNOME', 'PLANT', 'LEAF', 'OGRE']
88,['ROCKY', 'SALLY', 'FRAMED', 'HORROR', 'ROAD', 'SHOW', 'HARRY', 'ROGER', 'WHO', 'MAD', 'MET', 'WHEN', 'MAX', 'FURY', 'PICTURE', 'RABBIT']
89,['COCO', 'RED', 'CARS', 'SOUL', 'DEMO', 'STOUT', 'SCOTCH', 'SAKE', 'UP', 'CIDER', 'BRAVE', 'ESSENCE', 'PORT', 'TICKER', 'SPIRIT', 'HEART']
90,['WALK', 'OUT', 'CARP', 'SALMON', 'YOLK', 'FLOUNDER', 'FURNACE', 'COLONEL', 'SMELT', 'SAFE', 'STRIKE', 'BALL', 'CATFISH', 'FORGE', 'OVEN', 'KILN']
91,['COMPANY', 'BASE', 'HAIR', 'TOUCAN', 'ANACONDA', 'FOOT', 'LION', 'LEGS', 'FOUNDATION', 'CUCUMBER', 'RENT', 'CHANGE', 'BOTTOM', 'JAGUAR', 'GREASE', 'CAPYBARA']
92,['20,000', '451', 'CHERRY', 'COBWEB', 'BAT', 'BELL', '24', 'PUMPKIN', 'FIREFLY', 'BONES', 'WEEDS', 'TOMBSTONE', 'BAR', '2001', '7', '22']
93,['TRUNK', 'BARK', 'BRANCH', 'OINK', 'BUZZ', 'SCOOP', 'COFFEE', 'ROOT', 'CLUCK', 'MEOW', 'DIRT', 'TEA', 'SKINNY', 'DISH', 'CHAI', 'COCOA']
94,['LEAVE', 'GET OUT', 'YOU', 'NEPO', 'SANTA', 'THEM', 'ME', 'BEANIE', 'SCRAM', 'FUR', 'NOPE', 'US', 'GO', 'PEON', 'PONE', 'OPEN']
Game_ID,Words
95,['SHAM', 'STAN', 'LOLA', 'OVER', 'BOGUS', 'IRIS', 'PHONY', 'RETINA', 'FAKE', 'MICHELLE', 'LENS', 'ALEJANDRO', 'COPY', 'PUPIL', 'ROGER', 'OUT']
96,['EXCEL', 'GLOW', 'ENVY', 'CUTIE', 'BEAM', 'BUFFALO', 'FLOOR', 'COW', 'SEEDY', 'RINGS', 'VAULT', 'HORSE', 'RADIATE', 'SHEEP', 'SHINE', 'GOAT']
97,['GIANT', 'NEW YORK', 'LUCY', 'GAMBIT', 'WITCH', 'QUEEN', 'WOLF', 'BISHOP', 'YOU', 'PRINCESS', "ROCK 'N ROLL", 'MATE']
98,['FRESH', 'LIME', 'GRAPE', 'STONE', 'OPULENT', 'NAIVE', 'DELUXE', 'BERRY', 'ENVIOUS', 'LAVISH', 'FOSTER', 'FIG', 'GRAND', 'UNWELL', 'APRICOT', 'SWANK']
99,['SMART', 'LASSO', 'MARS', 'SHARP', 'FRONTIER', 'COWBOY', 'OUTLAW', 'ALASKA', 'SPIRIT', 'BRIGHT', 'QUICK', 'CLEVER', 'DRIFTER', 'SHERIFF', 'SOUTHWEST', 'ROGERS']
100,['TAB', 'BUTTON', 'BOOKMARK', 'HISTORY', 'MARTINI', 'BOND', 'DOZEN', 'RELATION', 'TIE', 'CUFF', 'WINDOW', 'JOKE', 'POCKET', 'LAUNDRY', 'LINK', 'COLLAR']
101,['BACKUP', 'SPARE', 'PEN', 'ALLEY', 'BALL', 'TOO', 'EXTRA', 'MUG', 'WON', 'LANE', 'ATE', 'FOR', 'COPY', 'TEE', 'TOTE', 'PIN']
102,['DIGIT', 'BEAKER', 'MOTORCYCLE', 'MITT', 'DOG', 'GONZO', 'SERVER', 'CHEF', 'PIGGY', 'CAR', 'BUS', 'HOST', 'TRUCK', 'SCOOTER', 'ANIMAL', 'BARTENDER']
103,['KEY', 'GLASS', 'FLOAT', 'HOVER', 'SPLIT', 'MALT', 'SIGNS', 'STAR', 'OLD', 'SHAKE', 'DASH', 'SOLID', 'CONCRETE', 'TANGIBLE', 'FIRM', 'SUNDAE']
104,['STRONG', 'FALL', 'WELL', 'TAP', 'NICKS', 'HEALTHY', 'SWIFT', 'FOUNTAIN', 'SOUND', 'FIT', 'DROP', 'SINK', 'SUMMER', 'KEYS', 'DIP', 'SPRING']
105,['PARTRIDGE', 'PLUMBER', 'FISH', 'BIRD', 'CLEAVER', 'PEELER', 'GRATER', 'LADLE', 'MAMMAL', 'DINOSAUR', 'TANNER', 'MUSHROOM', 'PRINCESS', 'REPTILE', 'WHISK', 'BUNKER']
106,['MA', 'GRAM', 'FROST', 'IN', 'BLACK', 'CAKE', 'COVER', 'BOUQUET', 'COAT', 'BOOK', 'RING', 'VEIL', 'TRAIN', 'TUBE', 'SPARROW', 'CRUST']
107,['MONTY', 'BOA', 'ABSTRACT', 'THONG', 'BRIEF', 'SLIP', 'RUNDOWN', 'VIPER', 'GARTER', 'MAMBA', 'HOUSE', 'MOON', 'CIRCLE', 'TEDDY', 'DIGEST', 'PYTHON']
108,['SAP', 'HURRICANE', 'NEEDLE', 'FOOL', 'CHUMP', 'POTATO', 'GUM', 'LICORICE', 'MARK', 'CONE', 'CHOCOLATE', 'FACE', 'POLLEN', 'SUCKER', 'ACORN', 'LOLLIPOP']
109,['FLASH', 'SPARKLE', 'DRILL', 'TRAP', 'FORAGE', 'GRIME', 'CRUNK', 'BOUNCE', 'BULB', 'FISH', 'BEER', 'GLEAM', 'RAIL', 'HUNT', 'YEAR', 'GLITTER']
110,['CRITICAL', 'KATE', 'TIRED', 'PLASTIC', 'ASSIGNMENT', 'KEY', 'HENRY', 'VITAL', 'CENTRAL', 'TEMPO', 'GLASS', 'JENNIFER', 'METAL', 'DEFEAT', 'ROCK', 'PAPER']
111,['LOW', 'LONG', 'DIAMOND', 'WANTING', 'THIRST', 'PUTTER', 'SPADE', 'PINE', 'SHY', 'CLUB', 'IRON', 'WOOD', 'HEART', 'WEDGE', 'SHORT', 'ACHE']
112,['STIRRER', 'GO', 'CARDINAL', 'BEET', 'ACTION', 'CUP', 'STICK', 'LID', 'WOLF', 'OWL', 'BRICK', 'POPPY', 'BALLPARK', 'BAT', 'MOTH', 'STRAW']
113,['BOW', 'FUR', 'SHELL', 'SCALES', 'DOWN', 'FINGER', 'ARROW', 'DOG', 'MAPS', 'KNEEL', 'HINT', 'SALUTE', 'NOTES', 'STAND', 'CLOCK', 'MAIL']
114,['SPEECH', 'GAB', 'LEAD', 'ALPACA', 'TRIAL', 'AFGHAN', 'VANS', 'JORDAN', 'YAK', 'CONVERSE', 'ANGORA', 'WATER', 'PUMA', 'JABBER', 'BLATHER', 'CHAT']
115,['BAGEL', 'CROSSWALK', 'CANDY CANE', 'SNOWMAN', 'DONUT', 'TIGER', 'EXHIBIT', 'MISTLETOE', 'PRESENT', 'STOCKING', 'REFEREE', 'REINDEER', 'SHOW', 'CHEERIO', 'LIFESAVER', 'DISPLAY']
116,['WING', 'NAT', 'CHAPTER', 'ANGEL', 'PECK', 'MET', 'BEATLE', 'FLEE', 'BUSHEL', 'AUNT', 'TON', 'STONE', 'BRANCH', 'ARM', 'RED', 'CUB']
117,['DEAD', 'BIRD', 'DADA', 'HOOK', 'LUCK', 'LOL', 'HAHA', 'ROFL', 'MACBETH', 'GOTHIC', 'NANA', 'WENDY', 'PETER', 'POP', 'GAGA', 'DECO']
118,['CLIFF', 'DREW', 'AARON', 'DALE', 'SHARON', 'EVE', 'DARREN', 'ROSE', 'KAREN', 'HANNAH', 'SAVANNA', 'BROOK', 'WILL', 'OTTO', 'MAY', 'NATAN']
119,['SOAP', 'RECEPTION', 'BATH', 'ROCK', 'BIRTHDAY', 'BARS', 'ANNIVERSARY', 'WEDDING', 'SERVICE', 'SHOWER', 'SIGNAL', 'MET', 'READING', 'SANDWICH', 'COMIC', 'DERBY']
120,['CUT', 'CUCUMBER', 'DOME', 'BIRD', 'MELON', 'PEPPER', 'TOMATO', 'TRAIN', 'NUMBER', 'KETTLE', 'NOODLE', 'CORN', 'REFEREE', 'SINGLE', 'CROWN', 'TRACK']
121,['ACTS', 'JOB', 'SEED', 'GERM', 'STARS', 'RANGER', 'WILD', 'KINGS', 'TRIP', 'PLANT', 'GENESIS', 'KRAKEN', 'MARK', 'NAP', 'FLAMES', 'SOURCE']
122,['SCRAP', 'ACTION', 'CAN', 'TOP', 'TOILET', 'CAMERA', 'LEAD', 'MIGHT', 'MAY', 'WAX', 'COULD', 'PRIME', 'BUTCHER', 'CUT', 'HEAD', 'LIGHTS']
123,['HAND', 'SWORD', 'NOSE', 'MASCARA', 'HIDE', 'SHIELD', 'BLOCK', 'LASSO', 'CROWN', 'MASK', 'DIAL', 'COVER', 'CANDIDATE', 'FAUCET', 'TIARA', 'STRAP']
124,['KIDNEY', 'LUXOR', 'LINE', 'DUDE', 'LIMERICK', 'LAGOS', 'CREATOR', 'RHYME', 'LINCOLN', 'VERSE', 'METER', 'LIMA', 'FAVA', 'PINTO', 'RAPPER', 'STALLION']
125,['DIGS', 'JOINT', 'CRIB', 'LOOT', 'SWAG', 'BOOTY', 'SPOILS', 'HANDSET', 'CRADLE', 'CORD', 'BOTTOM', 'DIAL', 'BUNS', 'SEAT', 'TAIL', 'PAD']
126,['YANK', 'WILLY', 'BEETHOVEN', 'WRENCH', 'FIND', 'PRINT', 'SAVE', 'FILE', 'SAW', 'COPY', 'JERK', 'TUG', 'LEVEL', 'BABE', 'HAMMER', 'CHARLOTTE']
127,['FRIDAY', 'THING', 'LIP', 'TURN', 'ROT', 'CAT', 'SATURDAY', 'LURCH', 'SUNDAY', 'THURSDAY', 'WEDNESDAY', 'SOUR', 'CHANCE', 'TUESDAY', 'SPOIL', 'FESTER']
128,['BOTTOM', 'DUD', 'IGNORE', 'GARDEN', 'JILT', 'BOO', 'RASPBERRY', 'CANDY', 'GHOST', 'BOMB', 'LEMON', 'JEER', 'HISS', 'FLOP', 'STAR', 'DESERT']
129,['TANG', 'GUST', 'ZIP', 'BREEZE', 'BORE', 'TONG', 'BITE', 'PANT', 'KICK', 'PUFF', 'DRAFT', 'GOGGLE', 'BOXER', 'YAWN', 'SNOOZE', 'DRAG']
130,['FOOD', 'FIE', 'FIREFLY', 'FARGO', 'FASHION', 'FLIPPER', 'FIX', 'FORWARD', 'FABRICATE', 'FRIENDS', 'FLEABAG', 'FRICK', 'FIDDLESTICKS', 'FAKE', 'FORGE', 'FUDGE']
131,['HIVE', 'JUST', 'EQUAL', 'IMPOSSIBLE', 'GOOD', 'FAIR', 'WARREN', 'EVEN', 'DEN', 'METAVERSE', 'LAIR', 'WEB', 'NOTHING', 'NET', 'NEST', 'CLOUD']
132,['SPAM', 'CROCK', 'HOOK', 'TRIPE', 'BALONEY', 'BUNK', 'SCUBA', 'SAUCER', 'PLATE', 'BOWL', 'LASER', 'STRAP', 'CUP', 'WIRE', 'RADAR', 'DISH']
133,['LOUNGE', 'BANGER', 'JAM', 'PICKLE', 'SPOT', 'LOAF', 'ROAST', 'TRIFLE', 'BOP', 'SCRAPE', 'SCONE', 'HANG', 'MASH', 'BIND', 'GROOVE', 'CHILL']
134,['KNOCKS', 'MOTIVATE', 'VIBE', 'COPY', 'SILENT', 'RING', 'SPUR', 'FOCUS', 'DRIVE', 'SELTZER', 'SPARK', 'CONNECTION', 'CANDY', 'FEELINGS', 'VIBRATE', 'INSPIRE']
135,['PRIDE', 'MODEL', 'DOWNTOWN', 'RECESS', 'COLONY', 'CRANNY', 'SCHOOL', 'BIGWIG', 'CLASSIC', 'DEFINITIVE', 'BACKPACK', 'TEXTBOOK', 'RAGTAG', 'NOOK', 'HERD', 'NICHE']
136,['PRESENT', 'SIMPLE', 'GOODNESS', 'FUTURE', 'SWAN', 'MAPLE', 'CORN', 'COUGH', 'LORD', 'PERFECT', 'RING', 'MERCY', 'PAST', 'DRUMMER', 'LADY', 'HEAVENS']
137,['HEAD', 'MOUNT', 'MARBLE', 'SWELL', 'GROW', 'BUBBLE', 'LATHER', 'GLOBE', 'PEARL', 'KEEN', 'FROTH', 'FOAM', 'NIFTY', 'NEATO', 'BUILD', 'ACES']
138,['NERVE', 'LIBERTY', 'BRASS', 'SWIMMERS', 'ELEPHANTS', 'CARS', 'COPPER', 'SILVER', 'SKY', 'CHEEK', 'TREES', 'GOLD', 'SPARKS', 'GALL', 'NICKEL', 'MERCURY']
139,['SIGHT', 'SAME', 'TASTE', 'DRESS', 'BLUE', 'LIKEWISE', 'NEW', 'HARVEST', 'DITTO', 'LOOK', 'SECOND', 'SMELL', 'STYLE', 'TOUCH', 'SAILOR', 'MANNER']
140,['HATCH', 'CONFRONT', 'LITTER', 'FACE', 'MEDLEY', 'NECK', 'BRIDGE', 'BODY', 'CLUTCH', 'CHALLENGE', 'HASH', 'FRET', 'JUMBLE', 'STEW', 'BROOD', 'OPPOSE']
141,['TALON', 'SNOOZE', 'WIND', 'DRAGON', 'BEAK', 'SEASON', 'HEARTBEAT', 'WING', 'WINK', 'SECOND', 'FLASH', 'BAMBOO', 'FEATHER', 'BELLY', 'PANIC', 'HOT']
142,['LIFE', 'CARPENTER', 'CHICKEN', 'VIOLET', 'ASTER', 'TULIP', 'DAISY', 'YELLOW', 'CRAVEN', 'WAN', 'ROSE', 'SPORTS', 'TRACTOR', 'FARMER', 'DUST', 'BARN']
143,['LIKE', 'UM', 'SHARE', 'SUBSCRIBE', 'WELL', 'HOUSE', 'UH', 'HEM', 'SCRUBS', 'FOLLOW', 'DARN', 'ERM', 'RATCHED', 'SEW', 'SEAM', 'ER']
144,['KINDLE', 'BURN', 'REACTOR', 'INFO', 'APPLE', 'NEWS', 'COMPUTER', 'DELL', 'TORCH', 'LIGHT', 'VALLEY', 'PLANET', 'HOLLOW', 'DATA', 'INTEL', 'GLEN']
145,['THERE', 'STILL', 'FLUSH', 'THOUGH', 'HEAR', 'SEE', 'YOU', 'JELLY', 'TUT', 'HOWEVER', 'KNOCK', 'YET', 'WHY', 'ARE', 'FAMILY', 'WE']
146,['SPORTS', 'CIGARETTE', 'STUDY', 'HOSE', 'WRENCH', 'PIPE', 'CANDLESTICK', 'BIKE', 'PRACTICE', 'TICKET', 'DRILL', 'STRAW', 'TUBE', 'ROPE', 'KNIFE', 'TRAIN']
147,['PIN', 'QUADRANT', 'LEVEL', 'ROLLING STONE', 'BILLBOARD', 'STEADY', 'SPIN', 'EVEN', 'SKEWER', 'SPIT', 'TRILOGY', 'PITCHFORK', 'BICYCLE', 'UNIFORM', 'LANCE', 'STABLE']
148,['SUGAR', 'HERRING', 'PLATTER', 'BOUILLON', 'BOND', 'WISH', 'SOUP', 'FUNNY', 'CD', 'ICE', 'LP', 'OPTION', 'STOCK', 'WAX', 'DIE', 'VINYL']
149,['WING', 'BING', 'SNITCH', 'SURFACE', 'WORD', 'DIVISION', 'DING', 'CAMP', 'EDGE', 'RING', 'FACTION', 'SING', 'RAT', 'SQUEAL', 'CHIME', 'PING']
150,['FLIP-FLOP', 'SEE-SAW', 'HEDGE', 'YO-YO', 'BREEZE', 'RUSSIAN', 'SUNSCREEN', 'WAFFLE', 'WAVER', 'MARY', 'WEDGE', 'CURLY', 'SHOESTRING', 'MULE', 'TOWEL', 'UMBRELLA']
151,['COMPOSE', 'SKETCH', 'FRESH AIR', 'SLEEP', 'REPLY ALL', 'SEND', 'DIVINE', 'RADIOLAB', 'FORWARD', 'SERIAL', 'DIET', 'WTF', 'EXERCISE', 'PROP', 'BLACK', 'UP FIRST']
152,['SPEAR', 'MACE', 'BRIGHT', 'DEGREE', 'AXE', 'NUTMEG', 'SMART', 'CLUB', 'SWORD', 'DILL', 'SAGE', 'OLD SPICE', 'QUICK', 'SHARP', 'SECRET', 'ANISE']
153,['BLAST', 'LIGHT', 'CLUE', 'SPARE', 'LENS', 'LIFE', 'SHORT', 'KICK', 'RIOT', 'THIN', 'GRIP', 'ROOM', 'BALL', 'TRIPOD', 'BOOM', 'DOLLY']
154,['GRANT', 'JAGUAR', 'FORD', 'WILSON', 'SUBARU', 'HONDA', 'GM', 'SCOUT', 'LINCOLN', 'SUB', 'AUTO', 'BMW', 'POST', 'COACH', 'SEMI', 'PLAYER']
155,['FEATURE', 'HALLMARK', 'JOKER', 'BOOK', 'WORD', 'TEA', 'SENTENCE', 'CLOWN', 'LETTER', 'PARAGRAPH', 'CUTUP', 'TRAIT', 'TABLE', 'STAMP', 'CARD', 'TREE']
156,['CARPENTER', 'WIN', 'PRESTO', 'SECURE', 'VOILA', 'ANGER', 'FIRE', 'ADAM', 'GET', 'HAPPINESS', 'SURPRISE', 'LAND', 'BEHOLD', 'TADA', 'FEAR', 'RED']
157,['OK', 'DA', 'WEE', 'PU', 'SI', 'US', 'ICK', 'EW', 'HAI', 'UGH', 'WE', 'O', 'JA', 'WII', 'W', 'OUI']
158,['DANE', 'ROT', 'BULL', 'LAKE', 'FISH', 'DIRECT', 'BUFFALO', 'STEER', 'MOOSE', 'DEER', 'NONSENSE', 'GUIDE', 'SEAL', 'LEAD', 'WHITE', 'HOGWASH']
159,['BEST', 'BANKS', 'CHEERS', 'PLANKS', 'REGARDS', 'JAYS', 'SQUATS', 'LUNGES', 'TAYLOR', 'WARREN', 'THANKS', 'YANKS', 'DIPS', 'NATS', 'CARDS', 'MOSS']
160,['PIQUE', 'FRONT', 'CLIFF', 'PEEK', 'PEAK', 'CRAG', 'BLUFF', 'CHARADE', 'PEKE', 'GLANCE', 'ACT', 'LEDGE', 'RIDGE', 'GLIMPSE', 'LOOK', 'GANDER']
161,['BIRTH', 'GROUNDHOG', 'STRIDE', 'START', 'AUGUST', 'MARCH', 'MAY', 'CREATION', 'REGAL', 'NOBLE', 'STEP', 'DAWN', 'TREAD', 'LABOR', 'GRAND', 'EARTH']
162,['GORILLA', 'MONK', 'PASTOR', 'MIME', 'BONOBO', 'MANGO', 'APE', 'MIRROR', 'MINT', 'TAMARIND', 'TOMATO', 'PARROT', 'LAMA', 'CARDINAL', 'GIBBON', 'BABOON']
163,['HOT', 'HIP', 'VACUUM', 'LEECH', 'STRAW', 'MOLAR', 'VOGUE', 'WORM', 'VAMPIRE', 'CHIC', 'IN', 'FANG', 'CANINE', 'TUSK', 'FLOSS', 'ROBOT']
164,['GULP', 'SCARF', 'GULCH', 'CRAVEN', 'PASS', 'CLARK', 'WOLF', 'COWL', 'APPLE', 'BASHFUL', 'QUEEN', 'GORGE', 'CHEN', 'CANYON', 'RAVINE', 'MIRROR']
165,['RAGOUT', 'RAPPORT', 'PIE', 'JAMES', 'PARFAIT', 'JAPAN', 'TURKEY', 'TURNOVER', 'TART', 'BIRD', 'TUNISIA', 'JORDAN', 'CURRY', 'PASTY', 'BOUQUET', 'POLAND']
166,['PAN', 'BACHELOR', 'KNOCK', 'MAXI', 'MINI', 'SLAM', 'ROAST', 'LILY', 'FIAT', 'MOUSE', 'RAM', 'ALONE', 'CHOPPED', 'JAGUAR', 'SURVIVOR', 'CATFISH']
167,['96', 'HIDDEN', 'NOON', 'VOLUME', 'CHANNEL', 'SOUND', 'QUANTITY', 'SIS', 'REMOTE', 'NUMBER', 'PRIVATE', 'MOW', 'STRAIT', 'CANAL', 'SECRET', 'AMOUNT']
168,['LITTLE', 'CAPITAL', 'JUSTICE', 'VILLAGE', 'STOCK', 'PUREE', 'COUNTY', 'EQUITY', 'INTEREST', 'CHOP', 'IVY', 'GRIND', 'TOWN', 'PULSE', 'CITY', 'PREMIER']
169,['LIME', 'GUM', 'SING', 'SUM', 'COUNT', 'SODA', 'TOTAL', 'STICK', 'GROSS', 'GLUE', 'SCAT', 'HUM', 'MINT', 'TAPE', 'WHISTLE', 'RUM']
170,['BAG', 'KEY', 'DEN', 'JAM', 'KITCHEN', 'PACK', 'BEDROOM', 'COUNTER', 'STUFF', 'ATOLL', 'BAR', 'SPROUT', 'STUDY', 'DIP', 'CRAM', 'ISLAND']
171,['DOG', 'STAY', 'SIT', 'ARCH', 'COME', 'SOLE', 'BALL', 'DOWN', 'TOE', 'SNAKE', 'HEEL', 'ORGAN', 'BASS', 'HORN', 'JERK', 'HARP']
172,['BIRDS', 'CREAM', 'WATSON', 'ROPE', 'ESCAPE', 'GOOSE', 'HOBBES', 'COTTAGE', 'DODGE', 'ROBIN', 'DUCK', 'STRING', 'REBECCA', 'SKIRT', 'NOTORIOUS', 'SAY']
173,['ALLEN', 'MALL', 'TAKE', 'TWEEZE', 'THREAD', 'MARKET', 'SHARE', 'SHAVE', 'MONKEY', 'CUT', 'STORE', 'WAX', 'CRESCENT', 'SOCKET', 'OUTLET', 'PIECE']
174,['NBA', 'BASKET', 'PAPER', 'TRAFFIC', 'RING', 'HAMPER', 'CURB', 'CAP', 'CHEST', 'BAND', 'CHECK', 'BIN', 'PEARL', 'LIMIT', 'CIRCLE', 'HOOP']
175,['PUMP', 'TIE', 'SONIC', 'HYPE', 'FIRE', 'GAS', 'ELECTRIC', 'HITCH', 'WATER', 'LINK', 'AMP', 'AUDITORY', 'COUPLE', 'HEARD', 'ACOUSTIC', 'CABLE']
176,['LETTUCE', 'ROLL', 'NICK', 'LOCK', 'HAIR', 'BUN', 'CLINCH', 'CHIP', 'SCRATCH', 'MARK', 'STATE', 'BAGUETTE', 'LOAF', 'STEAM', 'GUARANTEE', 'SECURE']
177,['PAPER', 'BIG', 'GLEE', 'GREAT', 'WHOOPING', 'CHEERS', 'HUMOR', 'TRAVEL', 'FRASIER', 'POETRY', 'EUPHORIA', 'CONSTRUCTION', 'FELICITY', 'GIANT', 'HUGE', 'FICTION']
178,['GEM', 'LIB', 'TWINS', 'ISLAND', 'NOTE', 'CAN', 'BULL', 'TAU', 'CLEF', 'REST', 'STAFF', 'CAPITOL', 'SCALES', 'VIRGIN', 'CRAB', 'COLUMBIA']
179,['POM', 'HI', 'ALPHA', 'USA', 'BET', 'YO', 'ROMEO', 'E', 'BRAVO', 'TANGO', 'MA', 'BOO', 'LA', 'HALLMARK', 'TOM', 'OK']
180,['VOICE', 'WANE', 'FLAG', 'AIR', 'WAYNE', 'PURE', 'STATE', 'STARK', 'SHEER', 'EBB', 'SPEAK', 'BANNER', 'PRINCE', 'UTTER', 'FADE', 'TOTAL']
181,['SHAKE', 'PALM', 'CORN', 'SUNDAE', 'FINGERS', 'BOLT', 'FLOAT', 'OLIVE', 'RIVET', 'WICKET', 'PEANUT', 'RICE', 'SCREW', 'SPLIT', 'NAIL', 'NOTE']
182,['CINCH', 'BOUND', 'COIL', 'SNAP', 'LEAP', 'DELTA', 'BED', 'VAULT', 'SPRING', 'TWIST', 'SPIRAL', 'WIND', 'PICNIC', 'BANK', 'BREEZE', 'MOUTH']
183,['CHIFFON', 'LAND', 'PERCH', 'ROOST', 'SATIN', 'PACKAGE', 'TONGUE', 'SOLE', 'LACE', 'VELVET', 'SILK', 'SPEECH', 'SETTLE', 'BLOW', 'EYELET', 'BABY']
184,['TAIL', 'ICE', 'IRE', 'TRACK', 'PLUNGER', 'SHADOW', 'FOG', 'BUMPER', 'HAZE', 'FLIPPER', 'CLOUD', 'BALL', 'FIN', 'MIST', 'TRAIL', 'NETHER']
185,['ROUGH', 'UNCLE', 'DOUGH', 'STOP', 'TOUGH', 'GREEN', 'BAWDY', 'BLUE', 'BUNKER', 'COARSE', 'MERCY', 'FAIRWAY', 'ENOUGH', 'BOUGH', 'COUGH', 'RISQUE']
186,['LINING', 'FIELD', 'ARENA', 'SPOON', 'NAG', 'FOX', 'BOWL', 'PART', 'FORK', 'HOUND', 'BADGER', 'DOME', 'SPLIT', 'SCREEN', 'DIVIDE', 'BUG']
187,['CROUCH', 'MOTTO', 'SQUAT', 'CROOK', 'SEAL', 'GROUCH', 'DUCK', 'QUACK', 'CHEAT', 'SHARK', 'GRUMP', 'CRANK', 'STOOP', 'FLAG', 'ANTHEM', 'CRAB']
188,['HOE', 'PLOY', 'PLOT', 'PLOP', 'PLOW', 'BANG', 'RUSE', 'DELIGHT', 'RAKE', 'THUD', 'SPLASH', 'SICKLE', 'TRICK', 'AMUSE', 'PLEASE', 'TICKLE']
189,['SNOW', 'PAGES', 'GALL', 'STONES', 'COAL', 'STORE', 'BONE', 'BUSINESS', 'GIRL', 'NERVE', 'STASH', 'CARROT', 'STICKS', 'BANK', 'SAVE', 'GUTS']
190,['FIFTH', 'BROADWAY', 'MADISON', 'CHIEF', 'FLASH', 'AMATEUR', 'PARK', 'PRINCIPAL', 'ELEVENTH', 'SECOND', 'MAIN', 'HAPPY', 'RUSH', 'FIRST', 'WINK', 'JIFFY']
191,['APPEAL', 'ROUTINE', 'CANINE', 'SKETCH', 'CHARM', 'FREIGHT', 'JOKE', 'BRACELET', 'WATCH', 'BELT', 'TIE', 'PULL', 'OFTEN', 'STONE', 'DRAW', 'BIT']
192,['DINKY', 'ITCHY', 'RING', 'JERRY', 'CALL', 'PINKY', 'INDEX', 'DIAL', 'PREFACE', 'APPENDIX', 'BUZZ', 'CHAPTER', 'MINUTE', 'SPEEDY', 'LITTLE', 'SLIGHT']
193,['DEATH', 'GUIDE', 'ONE', 'MYSELF', 'HAMPER', 'IODINE', 'STEER', 'IOTA', 'HIDDEN', 'LEAD', 'DIRECT', 'IRON', 'SILICON', 'DRYER', 'UNCANNY', 'WASHER']
194,['PERIOD', 'HONEY', 'HAIR', 'ANGEL', 'STRETCH', 'HOARSE', 'HIVE', 'SPELL', 'COMB', 'WHILE', 'WITCH', 'DEAR', 'WAX', 'WAIL', 'CLOWN', 'PIRATE']
195,['IN', 'CAR', 'DOWN', 'GOOSE', 'PLANE', 'DASH', 'STRAW', 'BOAT', 'SPLASH', 'RASP', 'DROP', 'TRAIN', 'GAME', 'BLUE', 'ON BOARD', 'PINCH']
196,['TORCH', 'BELLY', 'MILD', 'HOCK', 'SOFT', 'ROBE', 'LIGHT', 'CROWN', 'TABLET', 'CHOP', 'SHOULDER', 'CANDLE', 'MELLOW', 'EYELASH', 'DANDELION', 'DICE']
197,['RAY', 'ZIP', 'JUICE', 'SAUCE', 'DEAR', 'SANTA', 'SEGMENT', 'LOVE', 'FIRE', 'CODE', 'BOO', 'BABY', 'AGENT', 'LINE', 'ENERGY', 'POINT']
198,['CURB', 'DRIVE', 'PAGE', 'CHECK', 'THUMB', 'ALLEY', 'HOLD', 'SHEET', 'LIMIT', 'LANE', 'BLOW', 'STEM', 'FOLIO', 'STREET', 'LEAF', 'PICK']
199,['CHARCOAL', 'GEN', 'INK', 'REV', 'MESSAGE', 'SIGN', 'WARNING', 'PROF', 'BLACK', 'PAINT', 'DR', 'MS', 'BELL', 'PASTEL', 'GHOST', 'OMEN']
200,['DART', 'CARDINAL', 'DASH', 'JAY', 'HANCOCK', 'TRUNK', 'ZIP', 'HOLIDAY', 'PARKER', 'SWIFT', 'TIRE', 'BOLT', 'MONK', 'HOOD', 'LARK', 'BUMPER']
201,['FRESH', 'GEE', 'TEE', 'SAINT', 'JAY', 'EX', 'FLY', 'TANK', 'BOY', 'BEE', 'RAD', 'CURIOUS', 'CROP', 'BY', 'BAD', 'POLO']
202,['STRING', 'SKUNK', 'ZEBRA', 'BASS', 'DESERT', 'CHAIN', 'BEAR', 'TOURIST', 'TRAIN', 'ORCA', 'SAND', 'SERIES', 'SPEED', 'DOVE', 'PANDA', 'WIND']
203,['TOURS', 'DIJON', 'BALL', 'CLARITY', 'KISS', 'PARTY', 'DEFINITION', 'RESOLUTION', 'NICE', 'FIREWORKS', 'COUNTDOWN', 'GROUP', 'DETAIL', 'CHAMPAGNE', 'TEAM', 'CLUB']
204,['GREEN', 'FEUD', 'MILLIONAIRE', 'WHY', 'PLANT', 'SEED', 'WHOA', 'CAESAR', 'WEDGE', 'PYRAMID', 'GREEK', 'WAY', 'WATER', 'WEED', 'WHEEL', 'WEE']
205,['WORLD', 'BREAD', 'DOUBLE', 'BLOCK', 'CLOG', 'FRY', 'JAM', 'STOP', 'TALK', 'LETTUCE', 'WALK', 'WONDER', 'HIT', 'TOMATO', 'RUN', 'BACON']
206,['TAP', 'COLE', 'X', 'FLY', 'PAIN', '40', 'GLIDE', 'TIP', 'CHECK', 'MIKE', 'FLOAT', 'BUG', 'SOAR', 'MARK', 'TICK', 'WIRE']
207,['BOW', 'BOX', 'CARD', 'WRAPPING', 'TIGHT', 'STRIKE', 'MATCH', 'SWIPE', 'BLOCK', 'BREAK', 'CHARM', 'LIT', 'DUCK', 'MESSAGE', 'FIRE', 'SICK']
208,['MAX', 'PEAK', 'KISS', 'TIMES', 'KID', 'TEN', 'HEIGHT', 'GROSS', 'ADULT', 'PAIR', 'TOP', 'SCORE', 'RIB', 'DOZEN', 'JOSH', 'TEASE']
209,['GUTTER', 'DISCO', 'AFRO', 'CRYSTAL', 'MUSK', 'BONE', 'FUNK', 'WAVE', 'ODOR', 'TANG', 'FOUL', 'LOCK', 'SWAY', 'ROCK', 'FIGHT', 'SWING']
210,['EYE', 'SWEET', 'PEACH', 'BEAUTY', 'ALPHABET', 'BAR', 'ORAL', 'AMAZON', 'MARVEL', 'META', 'PHYSICAL', 'FINAL', 'BABY', 'WISDOM', 'APPLE', 'GEM']
211,['PUMPKIN', 'CIRCLE', 'GOLDFISH', 'TEE', 'PITCHFORK', 'CLUB', 'BASKETBALL', 'CARROT', 'HORSESHOE', 'POLE', 'CART', 'ROD', 'STAFF', 'HOLE', 'TRIANGLE', 'STICK']
212,['SMOKE', 'MOP', 'BROOM', 'FAT', 'DUST', 'SALT', 'SPONGE', 'POLLEN', 'PEPPER', 'RAG', 'MAGNUM', 'ACID', 'HEAT', 'SHAFT', 'MONK', 'TRACY']
213,['HEX', 'POKER', 'SLICE', 'MELT', 'GRATE', 'CARDS', 'CHARM', 'LOG', 'FLUE', 'SHRED', 'SPELL', 'SLOTS', 'DICE', 'CRUMBLE', 'CHIPS', 'CURSE']
214,['PHILLY', 'PERFECT', 'LIQUID', 'LEGEND', 'FEVER', 'GAS', 'SOLID', 'HERO', 'PHEW', 'PHAT', 'SALES', 'PHISH', 'ELEVATOR', 'PLASMA', 'ICON', 'GREAT']
215,['SUBJECT', 'MATTER', 'CHAPTER', 'TANK', 'ROWS', 'CHORAL', 'PERIOD', 'POINT', 'PHASE', 'BLEW', 'WHEEL', 'STAGE', 'ISSUE', 'SHOCK', 'READ', 'DASH']
216,['TABLE', 'INVITE', 'PASS', 'CENTER', 'END', 'BADGE', 'TICKET', 'PUNT', 'SAFETY', 'TACKLE', 'DIRECT', 'CHAIR', 'HOLD', 'LEAD', 'STALL', 'RUN']
217,['CHECK', 'BULL', 'JACK', 'SHORT', 'TOM', 'STEAL', 'INVOICE', 'BILL', 'SWIPE', 'PINCH', 'BUCK', 'TIGHT', 'JEAN', 'TAB', 'ROB', 'PANT']
218,['ROSTER', 'COAT', 'PAD', 'SLATE', 'SHIELD', 'CAPSULE', 'BUFFER', 'TICKET', 'SYRUP', 'GREEN', 'CREAM', 'CUSHION', 'TABLET', 'SOUP', 'BALLOT', 'POD']
219,['LEAN', 'DUPE', 'CANT', 'DOPE', 'FOOL', 'TRICK', 'SLOPE', 'LIST', 'SCOOP', 'CON', 'WORD', 'SKINNY']
220,['BASE', 'MEAN', 'AWFUL', 'KING', 'MEDIAN', 'BOND', 'MODE', 'PRETTY', 'ELEMENT', 'SOLUTION', 'RATHER', 'GROSS', 'RANGE', 'REAL', 'GLASS', 'STERN']
221,['SCARLET', 'PARAMOUNT', 'POSTURE', 'STRUT', 'MAIN', 'BLUE', 'GREEN', 'CHAIN', 'COVER', 'WHITE', 'GRANDSTAND', 'PRIME', 'LOVE', 'YELLOW', 'PEACOCK', 'SUPREME']
222,['FUZZY', 'CURSES', 'CHERRY', 'NUTS', 'WOODCHUCK', 'SPRINKLES', 'FUDGE', 'SHOOT', 'RATS', 'DITCH', 'DESERT', 'SEASHELLS', 'MAROON', 'DARN', 'PEPPERS', 'STRAND']
223,['DIP', 'CARROT', 'BOOM', 'SALSA', 'FALL', 'MODERN', 'BLAZE', 'TEAR', 'TALK', 'SWING', 'DROP', 'SINK', 'SHOWER', 'RACE', 'FLY', 'TAP']
224,['CANDLE', 'CABIN', 'HOSE', 'EAR', 'STIFF', 'HEAD', 'SEAL', 'HONEYCOMB', 'NOSE', 'BULB', 'ENGINE', 'STALK', 'ROB', 'WING', 'FLEECE', 'CRAYON']
225,['GAP', 'SCEPTER', 'LEAP', 'VOID', 'WAND', 'URGENT', 'PLAQUE', 'FILLING', 'LIGHT', 'CAVITY', 'STAFF', 'BATON', 'SCHOOL', 'CROWN', 'APPROVED', 'PAID']
226,['FINE', 'AT', 'DEVISE', 'PERCENT', 'BUCK', 'QUALITY', 'POUND', 'STERLING', 'BAR', 'PRIME', 'TIME', 'COIN', 'CREATE', 'DOLLAR', 'INVENT', 'TORCH']
227,['PUPIL', 'CLOCK', 'CALENDAR', 'GRAMMY', 'CALCULATOR', 'POPPY', 'MUM', 'CONE', 'DADA', 'CAMERA', 'IRIS', 'LENS']
228,['SYMBOL', 'ICON', 'LEGEND', 'IN', 'POPULAR', 'LEVY', 'FINE', 'CHARGE', 'GLYPH', 'CHARACTER', 'LIPID', 'BIG', 'HIPPO', 'HOT', 'HANDSOME', 'ASSESS']
229,['STRIKE', 'LICK', 'BAT', 'BOOT', 'BUGS', 'SOCK', 'BLOW', 'BALL', 'HONEY', 'DUST', 'BAD', 'THIMBLE', 'TOP HAT', 'GLOVE', 'IRON', 'BASE']
230,['ANSWER', 'STING', 'ACHE', 'COURAGE', 'HEART', 'BRAIN', 'TEND', 'GUARD', 'SMART', 'WRIST', 'BURN', 'MIND', 'WATCH', 'HOME', 'WRONG', 'TWO']
231,['POCKET', 'CELL', 'MINI', 'TOY', 'CREST', 'BABY', 'VERTEX', 'CONTACT', 'NUMBER', 'SUMMIT', 'PEAK', 'DIGITS']
232,['AD', 'PAIR', 'THING', 'ITEM', 'LOVE', 'PROMOTE', 'ALL', 'PITCH', 'DEUCE', 'COUPLE', 'PASSION', 'PLUG', 'DRAGON', 'PUSH', 'BREAD', 'JACK']
233,['SLAM', 'CROISSANT', 'SUN', 'HAMMER', 'FLOWER', 'FEATHER', 'SICKLE', 'POUND', 'STAR', 'BANANA', 'CHRONICLE', 'BANG', 'MOON', 'MUSHROOM', 'HERALD', 'REGISTER']
234,['CATERER', 'SNAKE', 'MIRTH', 'OFFICIANT', 'FIRE', 'LIAR', 'CHEER', 'TAR', 'BARBECUE', 'ORCHESTRA', 'GLEE', 'BAND', 'FRYER', 'FESTIVITY', 'FLORIST', 'CHOIR']
235,['PRUNE', 'RIPPED', 'SWOLE', 'WALNUT', 'FAN', 'JACKED', 'BRAIN', 'CUT', 'PARE', 'PUG', 'NUT', 'BUILT', 'LOVER', 'TRIM', 'BUFF', 'CLIP']
236,['LOOP', 'RECESS', 'BREAK', 'HOLIDAY', 'BUCKLE', 'HOLI', 'DRIFT', 'HOLLY', 'LEAVE', 'HOLEY', 'SANDAL', 'DOG', 'WHOLLY', 'STRAP', 'HOLE', 'HOLY']
237,['AGENCY', 'FIRM', 'STY', 'INK', 'SPOT', 'COMPANY', 'REX', 'RANGE', 'PEN', 'ENTERPRISE', 'COOP', 'ROVER', 'FLUFFY', 'OLD', 'LACK', 'STABLE']
238,['TEA', 'DRY', 'ROUTINE', 'COCOA', 'BIT', 'TWIST', 'DIRTY', 'SET', 'COFFEE', 'DULL', 'MUNDANE', 'VANILLA', 'UP', 'ACT', 'MATE', 'BORING']
239,['SHEESH', 'NIECE', 'HEART', 'DELI', 'CARDINAL', 'PRINCE', 'BROTHER', 'MADONNA', 'PLEASE', 'LORD', 'QUEEN', 'PRIOR', 'BISHOP', 'SOUL', 'PASTOR', 'ROAM']
240,['BRIGHT', 'ZERO', 'OXYGEN', 'FLASHY', 'OF', 'PLATINUM', 'STRAWBERRY', 'HONEY', 'GAS', 'HUG', 'DIRTY', 'TOOT', 'GARISH', 'LOUD', 'STINKER', 'WIND']
241,['THAT', 'SQUID', 'WEAVE', 'SPONGE', 'FEAST', 'DIAMOND', 'BOB', 'HOOK', 'TRIANGLE', 'CRAB', 'RAY', 'SQUARE', 'CROSS', 'PANTS', 'CIRCLE', 'FREE']
242,['BOW', 'WAR', 'QUIVER', 'DECK', 'SLUG', 'GIN', 'ROSE', 'SPIT', 'BRIDGE', 'HEART', 'ARROW', 'CLOCK', 'TARGET', 'BELT', 'ANCHOR', 'DRAGON']
243,['REWIND', 'RUN', 'PICTURE', 'AIR', 'CURTAIN', 'SKIP', 'SHUFFLE', 'NET', 'EON', 'ETHER', 'SCREEN', 'BATH', 'SHOW', 'TOW', 'STOP', 'CARD']
244,['FINK', 'FIRE', 'DRAGON', 'JAM', 'CAT', 'HORSE', 'COW', 'STUFF', 'SQUEEZE', 'TRIANGLE', 'MOUNTAIN', 'CANARY', 'SNITCH', 'PACK', 'BUTTER', 'RAT']
245,['PLUTO', 'DORY', 'DRONE', 'SLOOP', 'AUTO', 'SCOW', 'DEMO', 'NEMO', 'HOOK', 'BARGE', 'MORGAN', 'AMERICA', 'HUM', 'BUZZ', 'BUREAU', 'PURR']
246,['MIME', 'PARROT', 'REFEREE', 'ECHO', 'PRISONER', 'GENIE', 'APOLLO', 'MONKEY', 'PRINCESS', 'LAG', 'FREEZE', 'CANDLES', 'SAMURAI', 'FANTASTIC', 'SAILOR', 'DROP']
247,['DAIRY', 'BANANAS', 'MOZZARELLA', 'FISH', 'ORANGE', 'EGG', 'URGE', 'FROZEN', 'FIGURE', 'STEADY', 'GOAD', 'SPUR', 'SNACK', 'PRODUCE', 'MEATBALL', 'JAWBREAKER']
248,['WITNESS', 'ODD', 'BRUSH', 'WHOLE', 'HUG', 'PRIME', 'FRUIT', 'GRAZE', 'XO', 'PERFECT', 'OYSTER', 'CLAW', 'KISS', 'PLUM', 'SKIM', 'SOY']
249,['BLUR', 'HOURGLASS', 'BROIL', 'SURVEY', 'BAKE', 'SUEDE', 'OASIS', 'PLAYGROUND', 'MONITOR', 'WATCH', 'BEACH', 'PULP', 'TIMER', 'DESERT', 'TRACK', 'LIGHT']
250,['SLIPPER', 'HEADDRESS', 'LIGHTNING', 'MOCCASIN', 'CROC', 'UNION', 'SHUTTLECOCK', 'INSPIRATION', 'BASIC', 'LOAFER', 'PYTHON', 'RUBY', 'JAVA', 'COBRA', 'PILLOW', 'BOA']
251,['COVERAGE', 'TRESS', 'SHIP', 'FLEA', 'RINGLET', 'DOM', 'FAMILY', 'EXPOSURE', 'PRESS', 'ION', 'CURL', 'MEDIA', 'FLYING', 'LOCK', 'PUBLICITY', 'NESS']
252,['TRACK', 'VEGETABLES', 'BROAD', 'PECK', 'TRAIL', 'TYPE', 'SNACK', 'FORE', 'HUNT', 'GRAZE', 'PASTA', 'STALK', 'POD', 'BEANS', 'NIBBLE', 'STOCK']
253,['DRILL', 'FLUFF', 'SPOIL', 'FRAME', 'SAW', 'HINGE', 'KINDLING', 'LOG', 'GRINDER', 'BUMBLE', 'HANDLE', 'BLOW', 'LOCK', 'ROUTER', 'MATCH', 'TINDER']
254,['BORE', 'DUD', 'TEAR', 'WIND', 'LEAK', 'CHARRED', 'PEE', 'DROP', 'RHYTHM', 'BRASS', 'BEAT', 'GLOB', 'BEAD', 'DRAG', 'STRING', 'DRIP']
255,['NAGS', 'COMPUTER', 'BUGS', 'FISH', 'PIANO', 'COMPANY', 'BADGERS', 'HARD KNOCKS', 'ANNIE', 'CABARET', 'HOUNDS', 'SUPER', 'ROCK', 'TESTS', 'CATS', 'THOUGHT']
256,['CHAPTER', 'MELLOW', 'FROWN', 'ROOT', 'ARM', 'GROWL', 'BARK', 'BRANCH', 'HOWL', 'SOURCE', 'CLUE', 'FONT', 'WHINE', 'PREEN', 'WING', 'CRADLE']
257,['DEMOCRATIC', 'PARADE', 'MINT', 'FLEET', 'LIME', 'OLIVE', 'NOBLE', 'EROTIC', 'CACTUS', 'BOOK', 'HEDGEHOG', 'SKELETON', 'FOREST', 'SAD', 'TRAIN', 'CARAVAN']
258,['SHOP', 'PLANT', 'FEATHER', 'WING', 'STEM', 'LIGHT', 'HEAVY', 'MILL', 'CORE', 'MIDDLE', 'WINE', 'WIND', 'FACTORY', 'SEED', 'RIND', 'WINK']
259,['ELASTIC', 'FOIL', 'LUMBER', 'PLOD', 'STOMP', 'TRUDGE', 'CELLOPHANE', 'GLOVE', 'SUPPLE', 'JACKET', 'BASSINET', 'HARPOON', 'ORGANISM', 'MASK', 'PLASTIC', 'LIMBER']
260,['SORT', 'BITTER', 'ROMANTIC', 'TYPE', 'SALTY', 'FACE', 'EXPRESSION', 'SOUR', 'SURREAL', 'CONFRONT', 'MEET', 'SWEET', 'MANNER', 'KIND', 'VARIETY', 'BRAVE']
261,['OYSTER', 'SPLIT', 'GOLDFISH', 'MULLET', 'ROPE', 'TUCK', 'RITZ', 'STRADDLE', 'WORD', 'ANIMAL', 'HEADBAND', 'PIKE', 'NEON', 'SALMON', 'CORPORATE', 'SPANDEX']
262,['HURDLE', 'KITTEN', 'SPACE', 'WEDGE', 'JAVELIN', 'JACK', 'SWISS', 'DUTCH', 'DATE', 'AMERICAN', 'CUBAN', 'STILETTO', 'JEOPARDY', 'POLE', 'BLUE', 'HAMMER']
263,['SAFE', 'JUMP', 'HOP', 'FLOW', 'SPRING', 'TANG', 'AGE', 'COFFER', 'VAULT', 'LEAP', 'ERA', 'CHEST', 'TIME', 'DRIB', 'REED', 'DAY']
264,['BUTTER', 'FRONTIER', 'GARLIC', 'TOMORROW', 'ADVENTURE', 'BET', 'CRICKET', 'STAKE', 'RISK', 'PARSLEY', 'FRUIT', 'BASEBALL', 'GAMBLE', 'BREAD', 'VAMPIRE', 'FANTASY']
265,['SUGGEST', 'AGENT', 'LINE', 'INTIMATE', 'MOLE', 'VERSE', 'IMPLY', 'THOUSAND', 'FOOT', 'COUCH', 'ASSET', 'KELVIN', 'POTASSIUM', 'METER', 'OKAY', 'SLEEPER']
266,['SLEW', 'DANCE', 'BUCKLE', 'BUTTON', 'WAVE', 'MASS', 'SEA', 'WHISTLE', 'COLLAPSE', 'SHOUT', 'CAVE', 'SNAP', 'GIVE', 'FLOP', 'TON', 'LAUGH']
267,['ANIMAL', 'UNIT', 'HALL', 'LIBRARY', 'BUNNY', 'LOUNGE', 'JELLY BEAN', 'PARTNER', 'ASSOCIATE', 'FELLOW', 'PEEP', 'BIRTHMARK', 'EGG', 'SPY', 'STUDY', 'PEER']
268,['SWIFT', 'REMOTE', 'CHANNEL', 'LARGE', 'LEGEND', 'GRANDE', 'OUTSIDE', 'MARS', 'VEHICLE', 'MEANS', 'SLIM', 'ROOM', 'PROOF', 'STYLES', 'SMALL', 'MEDIUM']
269,['RUNWAY', 'HANGAR', 'TORCH', 'COMPLAINT', 'CLAIM', 'WINDSOCK', 'BEANBAG', 'GUMSHOE', 'TURNCOAT', 'TERMINAL', 'CLUB', 'ACTION', 'RING', 'FOXGLOVE', 'LAWSUIT', 'TARMAC']
270,['TOE', 'FLUSH', 'PENCIL', 'MUTUAL', 'PIPE', 'TICKET', 'EMPTY', 'DRAIN', 'COMMON', 'FEVER', 'CLEAR', 'COLLECTIVE', 'AMERICAN', 'JOINT', 'CIGARETTE', 'LUCID']
271,['CAN', 'PUNCH', 'SEAM', 'EDGE', 'CURE', 'FREEZE', 'HEM', 'HERO', 'LOO', 'BITE', 'DRY', 'DART', 'SPICE', 'CONDO', 'PLEAT', 'HAW']
272,['BLANKET', 'BROAD', 'WOLF', 'DEGREE', 'CADET', 'HEATER', 'SCARF', 'MINOR', 'SWEEPING', 'STATION', 'CONCENTRATION', 'DOWN', 'BAR', 'GENERAL', 'INHALE', 'MAJOR']
273,['SPACE', 'STICK', 'FORGET', 'HIDE', 'COVER', 'BONE', 'OPTION', 'BALL', 'BLOCK', 'FRISBEE', 'FLAKE', 'BLANK', 'OBSCURE', 'CONTROL', 'COMMAND', 'SHIFT']
274,['MEOW', 'SLIPPERS', 'ROBE', 'EYE', 'REAR', 'PAMPER', 'CAN', 'BABY', 'BUM', 'MOTHER', 'PAJAMAS', 'TOWEL', 'BOOTY', 'SPOIL', 'CRADLE', 'WASHCLOTH']
275,['IF', 'CLASS', 'TIER', 'BOSTON', 'WITH', 'GOLDEN', 'DIVISION', 'PLUS', 'RANK', 'DADDY', 'HOWL', 'HARLEM', 'ALSO', 'AND', 'LAB', 'PIT']
276,['LICORICE', 'PUMPKIN', 'RADIANT', 'DECORATIONS', 'TARRAGON', 'NUT', 'CANDY', 'COSTUME', 'EMERALD', 'NOODLE', 'BEAN', 'PRINCESS', 'BAGUETTE', 'MELON', 'ANISE', 'FENNEL']
277,['JELL', 'HIT', 'JACKIE', 'SMASH', 'SPIKE', 'DADDY', 'SET', 'SERVE', 'SUCCESS', 'ROW', 'PIE', 'WINNER', 'BUMP', 'MOO', 'NEW', 'DAY']
278,['OOPS', 'DOH', 'DIRTY', 'BLAST', 'KNOCK', 'TRASH', 'EXCUSE', 'DATE', 'DEFENSE', 'PARDON', 'SORRY', 'REASON', 'OUT', 'SLAM', 'DEAD', 'APOLOGIES']
279,['VET', 'SPECIAL', 'CONTRACT', 'PREMIERE', 'FIRST', 'SCREEN', 'PILOT', 'FINALE', 'SHRINK', 'LESSEN', 'CHECK', 'REDUCE', 'PREMIUM', 'REVIEW', 'COACH', 'BUSINESS']
280,['PUSH', 'MADNESS', 'NONSENSE', 'GARBAGE', 'MARCH', 'FAKE', 'SIX', 'FEET', 'ABSURDITY', 'FOLLY', 'CUT', 'ADVANCE', 'SKUNK', 'FREEZE', 'CHEESE', 'PROGRESS']
281,['SUNFLOWER', 'UNICYCLE', 'STAGE', 'CYCLE', 'MONOLOGUE', 'PEGASUS', 'GALAXY', 'GEMINI', 'SNAIL', 'ORION', 'SOLITAIRE', 'CYCLONE', 'CYGNUS', 'PHASE', 'CYCLOPS', 'ROUND']
282,['CHARADE', 'GUESS', 'WIND', 'NATURE', 'AIRS', 'AFFECT', 'FIDDLE', 'GENRE', 'PAGE', 'TITLE', 'KING', 'CAST', 'PLOT', 'WATERS', 'FRONT', 'BERRY']
