Game_ID,Words,Category,Color
1,['HAIL', 'RAIN', 'SLEET', 'SNOW'],WET WEATHER,yellow
1,['BUCKS', 'HEAT', 'JAZZ', 'NETS'],NBA TEAMS,green
1,['OPTION', 'RETURN', 'SHIFT', 'TAB'],KEYBOARD KEYS,blue
1,['KAYAK', 'LEVEL', 'MOM', 'RACECAR'],PALINDROMES,purple
2,['BOOT', 'LOAFER', 'PUMP', 'SNEAKER'],FOOTWEAR,yellow
2,['FOOT', 'LEAGUE', 'MILE', 'YARD'],UNITS OF LENGTH,green
2,['ESSENCE', 'PEOPLE', 'TIME', 'US'],MAGAZINES,blue
2,['ARE', 'QUEUE', 'SEA', 'WHY'],LETTER HOMOPHONES,purple
3,['CHEEK', 'EYE', 'MOUTH', 'NOSE'],FACIAL FEATURES,yellow
3,['CHOW', 'GOBBLE', 'SCARF', 'WOLF'],SYNONYMS FOR EAT,green
3,['LAB', 'PEKE', 'PIT', 'POM'],DOG BREEDS, INFORMALLY,blue
3,['AMIGO', 'KING', 'STOOGE', 'TENOR'],MEMBERS OF A TRIO,purple
4,['ADIDAS', 'NIKE', 'PUMA', 'REEBOK'],SNEAKER BRANDS,yellow
4,['CABARET', 'CAROUSEL', 'CATS', 'CHICAGO'],MUSICALS BEGINNING WITH “C”,green
4,['DUST', 'MOP', 'SWEEP', 'VACUUM'],CLEANING VERBS,blue
4,['BAT', 'IRON', 'SPIDER', 'SUPER'],___ MAN SUPERHEROES,purple
5,['HULU', 'NETFLIX', 'PEACOCK', 'PRIME'],STREAMING SERVICES,yellow
5,['KETCHUP', 'MAYO', 'RELISH', 'TARTAR'],CONDIMENTS,green
5,['BLUE', 'DOWN', 'GLUM', 'LOW'],SYNONYMS FOR SAD,blue
5,['GREEN', 'MUSTARD', 'PLUM', 'SCARLET'],CLUE CHARACTERS,purple
6,['BOARDWALK', 'CHANCE', 'GO', 'JAIL'],MONOPOLY SQUARES,yellow
6,['BABY', 'MIDNIGHT', 'POWDER', 'ROYAL'],SHADES OF BLUE,green
6,['COMMON', 'FUTURE', 'ICE CUBE', 'Q-TIP'],RAPPERS,blue
6,['SEA', 'SIN', 'SISTER', 'WONDER'],MEMBERS OF A SEPTET,purple
7,['ANKLE', 'KNEE', 'SHIN', 'THIGH'],LEG PARTS,yellow
7,['CALF', 'CUB', 'JOEY', 'KID'],BABY ANIMALS,green
7,['CAN', 'HEAD', 'JOHN', 'THRONE'],SLANG FOR TOILET,blue
7,['CRAY', 'JELLY', 'SILVER', 'STAR'],___ FISH THAT AREN’T FISH,purple
8,['BACKGAMMON', 'CHECKERS', 'CHESS', 'GO'],BOARD GAMES,yellow
8,['FULL', 'KING', 'QUEEN', 'TWIN'],MATTRESS SIZES,green
8,['CHERRY', 'FIRE TRUCK', 'RUBY', 'STOP SIGN'],THINGS THAT ARE RED,blue
8,['CRYPTOGRAPHY', 'FLORIDA', 'LOCKSMITH', 'PIANO'],THINGS WITH KEYS,purple
9,['CRICKET', 'FENCING', 'POLO', 'SQUASH'],SPORTS,yellow
9,['CAMI', 'HALTER', 'TANK', 'TEE'],TOPS,green
9,['BEET', 'CARROT', 'CORN', 'ONION'],VEGETABLES,blue
9,['ANT', 'BEETLE', 'MANTIS', 'TERMITE'],INSECTS,purple
10,['DATE', 'KIWI', 'LEMON', 'ORANGE'],FRUIT,yellow
10,['CHAD', 'GEORGIA', 'JORDAN', 'TOGO'],COUNTRIES,green
10,['CRANE', 'JAY', 'SWALLOW', 'TURKEY'],BIRDS,blue
10,['FISH', 'GOAT', 'SCALES', 'TWINS'],ZODIAC SYMBOLS,purple
11,['CARDAMOM', 'CLOVE', 'CORIANDER', 'CUMIN'],SPICES BEGINNING WITH “C”,yellow
11,['BOO', 'HONEY', 'SUGAR', 'SWEETIE'],TERMS OF ENDEARMENT,green
11,['AIRPLANE', 'ANGEL', 'BIRD', 'PEGASUS'],THINGS WITH WINGS,blue
11,['BABY', 'GINGER', 'POSH', 'SCARY'],SPICE GIRLS,purple
12,['FLOCK', 'PACK', 'POD', 'SCHOOL'],ANIMAL GROUP NAMES,yellow
12,['ENVY', 'GREED', 'LUST', 'PRIDE'],DEADLY SINS,green
12,['LORIS', 'SLOTH', 'SNAIL', 'TORTOISE'],SLOW ANIMALS,blue
12,['COT', 'SEC', 'SIN', 'TAN'],TRIG FUNCTIONS,purple
13,['FRONTIER', 'SPIRIT', 'UNITED', 'VIRGIN'],AIRLINES,yellow
13,['BETA', 'CHI', 'DELTA', 'IOTA'],GREEK LETTERS,green
13,['GNAT', 'GNAW', 'GNOCCHI', 'GNOME'],SILENT “G”,blue
13,['GNU', 'KNEW', 'NEW', 'NU'],HOMOPHONES,purple
14,['BUNK', 'CANOPY', 'MURPHY', 'TRUNDLE'],BEDS,yellow
14,['JONAS', 'MARX', 'WARNER', 'WRIGHT'],FAMOUS BROTHERS,green
14,['ACCORD', 'CIVIC', 'PASSPORT', 'PILOT'],HONDAS,blue
14,['CRASH', 'LINK', 'MARIO', 'SONIC'],VIDEO GAME CHARACTERS,purple
15,['CAW', 'CHIRP', 'CLUCK', 'TWEET'],BIRD SOUNDS,yellow
15,['BROWN', 'PINK', 'TURQUOISE', 'VIOLET'],COLORS,green
15,['LURE', 'REEL', 'ROD', 'TACKLE'],FISHING GEAR,blue
15,['HOOK', 'JONES', 'SILVER', 'SPARROW'],FICTIONAL PIRATES,purple
16,['AMERICANO', 'CAPPUCCINO', 'ESPRESSO', 'LATTE'],COFFEE DRINKS,yellow
16,['ALMOND', 'CASHEW', 'PECAN', 'WALNUT'],TREE NUTS,green
16,['EMERALD', 'FOREST', 'KELLY', 'OLIVE'],SHADES OF GREEN,blue
16,['BEAN', 'CLEAN', 'FOX', 'PEANUT'],MR. ___,purple
17,['ASCOT', 'BOLO', 'SCARF', 'TIE'],NECKWEAR,yellow
17,['BOW', 'PORT', 'STARBOARD', 'STERN'],SHIP DIRECTIONS,green
17,['ALL', 'ERA', 'GAIN', 'TIDE'],DETERGENTS,blue
17,['ACUTE', 'BERMUDA', 'LOVE', 'RIGHT'],___ TRIANGLE,purple
18,['LAT', 'PEC', 'QUAD', 'TRI'],MUSCLES, INFORMALLY,yellow
18,['CUP', 'MEDAL', 'RIBBON', 'TROPHY'],AWARDS,green
18,['GREY', 'HOUSE', 'HOWSER', 'QUINN'],TITLE TV DOCTORS,blue
18,['BEAR', 'BILL', 'BROWN', 'COMMANDER'],NFL PLAYERS,purple
19,['CREAM', 'EGGSHELL', 'IVORY', 'VANILLA'],OFF-WHITE SHADES,yellow
19,['CRUCIFIX', 'GARLIC', 'MIRROR', 'STAKE'],ANTI-VAMPIRE,green
19,['BEEF', 'PORK', 'POULTRY', 'VENISON'],KINDS OF MEAT,blue
19,['ROW', 'QUARREL', 'SPAT', 'TIFF'],SYNONYMS FOR ARGUMENT,purple
20,['BARLEY', 'OAT', 'RYE', 'SPELT'],GRAINS,yellow
20,['BARON', 'EARL', 'KING', 'PRINCE'],ROYAL TITLES,green
20,['BROWN', 'DUKE', 'HOWARD', 'RICE'],UNIVERSITIES,blue
20,['BONG', 'FORD', 'LEE', 'STONE'],BEST DIRECTOR OSCAR WINNERS,purple
21,['JAZZ', 'POP', 'PUNK', 'RAP'],MUSIC GENRES,yellow
21,['CHROME', 'EDGE', 'OPERA', 'SAFARI'],WEB BROWSERS,green
21,['AMY', 'BETH', 'JO', 'MEG'],“LITTLE WOMEN” SISTERS,blue
21,['BABY', 'JON', 'KIM', 'WAYNE'],LIL ___ RAPPERS,purple
22,['BOXER', 'DALMATIAN', 'HUSKY', 'POODLE'],DOG BREEDS,yellow
22,['BEAK', 'MUZZLE', 'SNOUT', 'TRUNK'],ANIMAL NOSES,green
22,['DETOUR', 'SLOW', 'STOP', 'YIELD'],TRAFFIC SIGNS,blue
22,['ASLEEP', 'BARRIER', 'BITE', 'WAVE'],SOUND ___,purple
23,['BEACH BOY', 'BEATLE', 'BYRD', 'MONKEE'],60’s BAND MEMBERS,yellow
23,['DOUGIE', 'MACARENA', 'MASHED POTATO', 'TWIST'],DANCE FADS,green
23,['FORTUNE', 'ROLLING STONE', 'VOGUE', 'WIRED'],MAGAZINES,blue
23,['CHAIN', 'GOLF COURSE', 'SAUSAGE', 'WEBSITE'],THINGS WITH LINKS,purple
24,['BOUNTY', 'CRUNCH', 'HEATH', 'MILKY WAY'],CANDY BARS,yellow
24,['DREAMCAST', 'GENESIS', 'SWITCH', 'WII'],VIDEO GAME CONSOLES,green
24,['ANVIL', 'COCHLEA', 'HAMMER', 'STIRRUP'],EAR PARTS,blue
24,['BLINK', 'MAROON', 'SUM', 'U'],BAND NAMES MINUS NUMBERS,purple
25,['CHEESECAKE', 'FLAN', 'MOUSSE', 'TIRAMISU'],DESSERTS,yellow
25,['DARN', 'FUDGE', 'HECK', 'SHOOT'],MILD OATHS,green
25,['ELEPHANT', 'HIPPO', 'NARWHAL', 'WARTHOG'],ANIMALS WITH TUSKS,blue
25,['HANDLEBAR', 'HORSESHOE', 'PENCIL', 'WALRUS'],MUSTACHES,purple
26,['DENMARK', 'GREECE', 'POLAND', 'PORTUGAL'],EUROPEAN COUNTRIES,yellow
26,['COPY', 'ECHO', 'MIMIC', 'PARROT'],SYNONYMS FOR IMITATE,green
26,['CRUISE', 'HOLLAND', 'PETTY', 'WAITS'],TOMS,blue
26,['DILL', 'LIVID', 'MILD', 'MIX'],WORDS SPELLED WITH ROMAN NUMERALS,purple
27,['BERET', 'BOWLER', 'FEDORA', 'FEZ'],HATS,yellow
27,['HEART', 'KIDNEY', 'LIVER', 'LUNG'],ORGANS,green
27,['COVER', 'JACKET', 'PAGE', 'SPINE'],PARTS OF A BOOK,blue
27,['ASS', 'KNIFE', 'POT', 'RABBIT'],JACK ___,purple
28,['BASHFUL', 'DOC', 'GRUMPY', 'HAPPY'],SEVEN DWARFS,yellow
28,['GIF', 'PDF', 'TIFF', 'ZIP'],FILE EXTENSIONS,green
28,['EMU', 'KIWI', 'OSTRICH', 'PENGUIN'],FLIGHTLESS BIRDS,blue
28,['BANANA', 'COCONUT', 'MANGO', 'PINEAPPLE'],TROPICAL FRUITS,purple
29,['FLY', 'GNAT', 'MOTH', 'WASP'],WINGED INSECTS,yellow
29,['ADD', 'DIVIDE', 'MULTIPLY', 'SUBTRACT'],ARITHMETIC OPERATIONS,green
29,['TANG', 'TETRA', 'SKATE', 'SOLE'],FISH,blue
29,['ALLEY', 'COOL', 'COPY', 'LAP'],___ CAT,purple
30,['BRONCO', 'COWBOY', 'PACKER', 'RAVEN'],NFL PLAYERS,yellow
30,['BOWTIE', 'ELBOW', 'SHELL', 'SPIRAL'],PASTA SHAPES,green
30,['HIP', 'KNEE', 'SHOULDER', 'WRIST'],JOINTS,blue
30,['AIRPLANE', 'MOTHER', 'OKLAHOMA', 'THEM'],MOVIES WITH “!”,purple
31,['CUCUMBER', 'EGGPLANT', 'PEPPER', 'TOMATO'],VEGETABLES THAT ARE ALSO FRUITS,yellow
31,['CONE', 'CUBE', 'PYRAMID', 'SPHERE'],3-D SHAPES,green
31,['MAC', 'PAD', 'PHONE', 'POD'],WORDS WITH “i”,blue
31,['JOB', 'LIMA', 'MOBILE', 'POLISH'],WORDS WITH TWO PRONUNCIATIONS,purple
32,['HEEL', 'LACE', 'SOLE', 'TONGUE'],SHOE PARTS,yellow
32,['CLUE', 'RISK', 'SORRY', 'TROUBLE'],BOARD GAMES,green
32,['BOND', 'HUNT', 'RYAN', 'SMART'],FICTIONAL SPIES,blue
32,['BAND', 'CEMENT', 'DUCKIE', 'SOUL'],RUBBER ___,purple
33,['FERRY', 'JUNK', 'TUG', 'YACHT'],BOATS,yellow
33,['CLUB', 'CUBAN', 'MELT', 'SUB'],SANDWICHES,green
33,['FLANK', 'LOIN', 'ROUND', 'SHANK'],CUTS OF BEEF,blue
33,['CHUCK', 'JOSH', 'ROB', 'SUE'],NICKNAMES THAT ARE VERBS,purple
34,['AROMA', 'BOUQUET', 'FRAGRANCE', 'SCENT'],PLEASANT SMELLS,yellow
34,['BLUES', 'COUNTRY', 'FUNK', 'SOUL'],MUSIC GENRES,green
34,['PAPER', 'ROCK', 'SCISSORS', 'SHOOT'],ROCK PAPER SCISSORS,blue
34,['BOAR', 'BUCK', 'BULL', 'JACK'],MALE ANIMALS,purple
35,['DIME', 'NICKEL', 'PENNY', 'QUARTER'],U.S. COINS,yellow
35,['IRON', 'LEAD', 'TIN', 'ZINC'],METAL ELEMENTS,green
35,['CLOVER', 'HORSESHOE', 'MOON', 'RAINBOW'],LUCKY CHARMS MARSHMALLOWS,blue
35,['AGAIN', 'HALF', 'NECK', 'SO'],___ AND ___,purple
36,['KANGAROO', 'KOALA', 'WALLABY', 'WOMBAT'],MARSUPIALS,yellow
36,['CHUNKY', 'CRUNCH', 'MARS', 'MOUNDS'],CHOCOLATE BARS,green
36,['CHEDDAR', 'DOUGH', 'PAPER', 'STACKS'],SLANG FOR MONEY,blue
36,['EYE', 'GUN', 'MOLE RAT', 'TRUTH'],NAKED ___,purple
37,['DOLPHIN', 'MANATEE', 'OTTER', 'SEAL'],MARINE MAMMALS,yellow
37,['BRAKE', 'CHAIN', 'SADDLE', 'SPOKE'],BIKE PARTS,green
37,['HAWK', 'MOVE', 'PEDDLE', 'VEND'],SYNONYMS FOR SELL,blue
37,['CHIN', 'CUB', 'MALT', 'TONG'],COUNTRIES WHEN “A” IS ADDED,purple
38,['ASH', 'CEDAR', 'MAPLE', 'PINE'],TREES,yellow
38,['HILL', 'MOUNTAIN', 'PLATEAU', 'VALLEY'],LAND FORMATIONS,green
38,['EVERYTHING', 'ONION', 'PLAIN', 'POPPY'],BAGEL FLAVORS,blue
38,['ELM', 'FEAR', 'JUMP', 'SESAME'],STREETS ON SCREEN,purple
39,['CLOCK', 'HOURGLASS', 'SUNDIAL', 'WATCH'],TIMEKEEPING DEVICES,yellow
39,['BOB', 'CROP', 'PIXIE', 'SHAG'],HAIRSTYLES,green
39,['HERTZ', 'MOLE', 'NEWTON', 'SECOND'],UNITS OF MEASURE,blue
39,['EVIL', 'J', 'NO', 'PEPPER'],DR. ___,purple
40,['BASSOON', 'CLARINET', 'FLUTE', 'OBOE'],WOODWINDS,yellow
40,['CAP', 'COVER', 'LID', 'TOP'],COVERINGS,green
40,['AVIATOR', 'CAT EYE', 'WAYFARER', 'WRAPAROUND'],SUNGLASSES,blue
40,['HARBOR', 'HARP', 'HOODED', 'MONK'],SEALS,purple
41,['DASANI', 'EVIAN', 'FIJI', 'VOSS'],BOTTLED WATER BRANDS,yellow
41,['BREW', 'JAVA', 'JOE', 'MUD'],SLANG FOR COFFEE,green
41,['CUBA', 'JAPAN', 'MALTA', 'PALAU'],ISLAND COUNTRIES,blue
41,['LUCKY', 'POP', 'SAM', 'TONY'],CEREAL MASCOTS,purple
42,['FINS', 'MASK', 'SNORKEL', 'TANK'],SCUBA GEAR,yellow
42,['COLON', 'COMMA', 'HYPHEN', 'PERIOD'],PUNCTUATION MARKS,green
42,['BOLT', 'DASH', 'RACE', 'SPRINT'],RUN QUICKLY,blue
42,['DOJA', 'FAT', 'HOUSE', 'JUNGLE'],___ CAT,purple
43,['FURIOUS', 'INCENSED', 'IRATE', 'LIVID'],SYNONYMS FOR ANGRY,yellow
43,['BANANA', 'CANARY', 'SCHOOL BUS', 'SUNFLOWER'],THINGS THAT ARE YELLOW,green
43,['BOOBY', 'GULL', 'PELICAN', 'PUFFIN'],MARINE BIRDS,blue
43,['BEACH', 'BEASTIE', 'HARDY', 'LOST'],___ BOYS,purple
44,['GAS', 'LIQUID', 'PLASMA', 'SOLID'],STATES OF MATTER,yellow
44,['COPY', 'CUT', 'PASTE', 'UNDO'],EDIT MENU COMMANDS,green
44,['CRUSH', 'ROUT', 'SHELLAC', 'TRASH'],DEFEAT BADLY,blue
44,['LEAST', 'SLATE', 'STALE', 'TESLA'],ANAGRAMS,purple
45,['BOAT', 'CAR', 'PLANE', 'TRAIN'],MODES OF TRANSPORTATION,yellow
45,['KING', 'MAGIC', 'SUN', 'THUNDER'],NBA PLAYERS,green
45,['CHECKERS', 'OUTBACK', 'SONIC', 'SUBWAY'],FAST FOOD CHAINS,blue
45,['DAY', 'FLOYD', 'SABBATH', 'STRIPES'],BAND NAMES MINUS COLORS,purple
46,['CHICAGO', 'MUNICH', 'PHILADELPHIA', 'RIO'],MOVIE TITLE CITIES,yellow
46,['ALLURE', 'ELLE', 'GLAMOUR', 'W'],FASHION MAGAZINES,green
46,['BLIZZARD', 'CYCLONE', 'SQUALL', 'TORNADO'],STORMS,blue
47,['DESERT', 'FOREST', 'GRASSLAND', 'TUNDRA'],BIOMES,yellow
47,['CHAMELEON', 'GECKO', 'IGUANA', 'MONITOR'],LIZARDS,green
47,['COBRA', 'LOTUS', 'TREE', 'WARRIOR'],YOGA POSES,blue
47,['CAN', 'CHA', 'GO', 'NAE'],DANCES WHEN DOUBLED,purple
48,['CORDUROY', 'DENIM', 'LINEN', 'TWEED'],FABRICS,yellow
48,['GHOST', 'PHANTOM', 'SPECTER', 'SPIRIT'],APPARITIONS,green
48,['NEEDLE', 'POKE', 'RIB', 'TEASE'],SYNONYMS FOR BOTHER,blue
48,['BEAST', 'GENIE', 'SCAR', 'STITCH'],DISNEY CHARACTERS,purple
49,['AUNT', 'COUSIN', 'MOTHER', 'NEPHEW'],RELATIVES,yellow
49,['DAFFY', 'KOOKY', 'QUIRKY', 'WACKY'],SYNONYMS FOR OFFBEAT,green
49,['DAISY', 'DEWEY', 'DONALD', 'SCROOGE'],DISNEY DUCKS,blue
49,['ALARM', 'BIOLOGICAL', 'CUCKOO', 'GRANDFATHER'],___ CLOCK,purple
50,['FOOT', 'INCH', 'MILE', 'YARD'],UNITS OF LENGTH,yellow
50,['ACRYLIC', 'OIL', 'TEMPERA', 'WATERCOLOR'],TYPES OF PAINT,green
50,['FALAFEL', 'KATSU', 'SAMOSA', 'SCHNITZEL'],DEEP-FRIED FOOD,blue
50,['DIM', 'NICK', 'PEN', 'QUART'],STARTS OF U.S. COINS,purple
51,['HERO', 'HOAGIE', 'GRINDER', 'SUB'],LONG SANDWICHES,yellow
51,['BUMBLE', 'HINGE', 'MATCH', 'TINDER'],DATING APPS,green
51,['BLADE', 'LOST BOYS', 'NEAR DARK', 'TWILIGHT'],VAMPIRE MOVIES,blue
51,['ANT', 'DRIVER', 'SCOTT', 'WEST'],ADAMS,purple
52,['KEYBOARD', 'MONITOR', 'MOUSE', 'SPEAKER'],COMPUTER EQUIPMENT,yellow
52,['GERBIL', 'HAMSTER', 'RAT', 'VOLE'],RODENTS,green
52,['HARP', 'HORN', 'ORGAN', 'TRIANGLE'],MUSICAL INSTRUMENTS,blue
52,['CARP', 'GRIPE', 'GROUSE', 'MOAN'],SYNONYMS FOR COMPLAIN,purple
53,['COLONY', 'HERD', 'PRIDE', 'SWARM'],ANIMAL GROUP NAMES,yellow
53,['BAKED', 'BLAZED', 'HIGH', 'LIT'],STONED,green
53,['BIO', 'CHEM', 'GOV', 'STATS'],AP CLASSES,blue
53,['CLASS', 'DOMAIN', 'FAMILY', 'ORDER'],TAXONOMY RANKS,purple
54,['ALTAR', 'RELIQUARY', 'SHRINE', 'TEMPLE'],PLACES FOR WORSHIP,yellow
54,['FELIX', 'GARFIELD', 'SYLVESTER', 'TOM'],CARTOON CATS,green
54,['CALVIN', 'CHESTER', 'GROVER', 'HARRY'],PRESIDENTIAL FIRST NAMES,blue
54,['ABBEY', 'HIGH', 'ROCKY', 'SILK'],___ ROAD,purple
55,['BLOCKS', 'DOLL', 'TOP', 'YO-YO'],CLASSIC TOYS,yellow
55,['BAGGAGE', 'EGGNOG', 'GIGGLE', 'LEGGINGS'],WORDS WITH THREE G’S,green
55,['DUNCAN', 'JULIET', 'PUCK', 'VIOLA'],SHAKESPEARE CHARACTERS,blue
55,['FISH', 'HOCKEY', 'MEMORY', 'SELFIE'],___ STICK,purple
56,['ASTEROIDS', 'BREAKOUT', 'FROGGER', 'PONG'],CLASSIC ARCADE GAMES,yellow
56,['HUSTLE', 'SALSA', 'SWING', 'TANGO'],DANCES,green
56,['PINCH', 'SPREAD', 'SWIPE', 'TAP'],TOUCHSCREEN GESTURES,blue
56,['CENT', 'CHAINZ', 'PAC', 'SAVAGE'],RAPPERS MINUS NUMBERS,purple
57,['HORROR', 'MUSICAL', 'ROMANCE', 'WESTERN'],MOVIE GENRES,yellow
57,['HOUNDSTOOTH', 'PAISLEY', 'PLAID', 'STRIPES'],PATTERNS,green
57,['FIB', 'FICTION', 'LIE', 'TALE'],SYNONYMS FOR FALSEHOOD,blue
57,['DOT', 'GOOBER', 'KISS', 'WHOPPER'],CANDY PIECES,purple
58,['MITE', 'SCORPION', 'SPIDER', 'TICK'],ARACHNIDS,yellow
58,['CHAR', 'EEL', 'PERCH', 'SHARK'],FISH,green
58,['BLACK WIDOW', 'BLADE', 'FLASH', 'STORM'],SUPERHEROES,blue
58,['CATFISH', 'CRIBS', 'JACKASS', 'STATE'],MTV SHOWS,purple
59,['FEW', 'HANDFUL', 'SEVERAL', 'SOME'],UNSPECIFIED QUANTITIES,yellow
59,['ASTEROID', 'COMET', 'MOON', 'PLANET'],CELESTIAL OBJECTS,green
59,['GLOBE', 'JOURNAL', 'POST', 'SUN'],NEWSPAPERS,blue
59,['LYME', 'MELLON', 'PAIR', 'PLUMB'],FRUIT HOMOPHONES,purple
60,['PURGE', 'RING', 'SAW', 'SCREAM'],HORROR FRANCHISES,yellow
60,['COURT', 'DIAMOND', 'FIELD', 'RINK'],SPORTS VENUES,green
60,['CHARM', 'DELIGHT', 'PLEASE', 'TICKLE'],MAKE HAPPY,blue
60,['ANKLET', 'BANGLE', 'BROOCH', 'PENDANT'],JEWELRY,purple
61,['EINSTEIN', 'FEYNMAN', 'HAWKING', 'OPPENHEIMER'],THEORETICAL PHYSICISTS,yellow
61,['FACULTY', 'FLAIR', 'GENIUS', 'GIFT'],TALENT,green
61,['BARBIE', 'BUSH', 'CRIKEY', 'MATE'],AUSTRALIAN TERMS,blue
61,['MATCH', 'MOOT', 'SELLING', 'WEST'],___ POINT,purple
62,['CO', 'MA', 'ME', 'PA'],STATE ABBREVIATIONS,yellow
62,['DO', 'FA', 'LA', 'TI'],MUSICAL NOTES,green
62,['MU', 'NU', 'PI', 'XI'],GREEK LETTERS,blue
62,['FE', 'HE', 'NA', 'NI'],PERIODIC TABLE SYMBOLS,purple
63,['BUCKLE', 'BUTTON', 'SNAP', 'ZIP'],FASTENING VERBS,yellow
63,['JACK', 'NADA', 'NOTHING', 'SQUAT'],SLANG FOR ZERO,green
63,['CURL', 'LUNGE', 'PLANK', 'PRESS'],GYM EXERCISES,blue
63,['CRUNCH', 'KANGAROO', 'OBVIOUS', 'PLANET'],“CAPTAINS”,purple
64,['FIDO', 'LUCKY', 'ROVER', 'SPOT'],CLASSIC DOG NAMES,yellow
64,['CATCH', 'NOTICE', 'OBSERVE', 'SEE'],PERCEIVE,green
64,['BAIT', 'CHUM', 'FLY', 'SINKER'],FISHING TERMS,blue
64,['BONE', 'REX', 'SHIRT', 'STORM'],T-___,purple
65,['GAS', 'LIQUID', 'PLASMA', 'SOLID'],STATES OF MATTER,yellow
65,['JUICE', 'SPIRIT', 'STEAM', 'VIGOR'],ENERGY,green
65,['AIR', 'EARTH', 'FIRE', 'WATER'],CLASSICAL ELEMENTS,blue
65,['CIRCUS', 'SATURN', 'TREE', 'WEDDING'],THINGS WITH RINGS,purple
66,['CENTURY', 'DECADE', 'MILLENNIUM', 'YEAR'],TIME PERIODS,yellow
66,['CEREAL', 'OMELET', 'PANCAKE', 'WAFFLE'],BREAKFAST FOODS,green
66,['BACON', 'CLOSE', 'MUNCH', 'WHISTLER'],PAINTERS,blue
66,['EGG', 'JUROR', 'MONTH', 'ROSE'],ONE IN A DOZEN,purple
67,['CAKE', 'COBBLER', 'PIE', 'TART'],DESSERTS,yellow
67,['FISHER', 'MASON', 'MILLER', 'SMITH'],OCCUPATIONAL SURNAMES,green
67,['DISTORT', 'DOCTOR', 'FUDGE', 'TWIST'],ALTER DECEPTIVELY,blue
67,['DANCE', 'MEAL', 'ONE', 'ROOT'],SQUARE ___,purple
68,['CUP', 'GALLON', 'PINT', 'QUART'],UNITS OF VOLUME,yellow
68,['AWFUL', 'QUITE', 'SUPER', 'VERY'],EXTREMELY,green
68,['RAND', 'REAL', 'STERLING', 'WON'],WORLD CURRENCIES,blue
68,['CARROT', 'COFFEE', 'POUND', 'SPONGE'],___ CAKE,purple
69,['BUD', 'CHUM', 'MATE', 'PAL'],FRIEND,yellow
69,['CROCK', 'POT', 'SKILLET', 'WOK'],COOKWEAR,green
69,['CLOG', 'PUMP', 'SLIDE', 'WEDGE'],SHOES,blue
69,['GRASS', 'HERB', 'MARY JANE', 'WEED'],SLANG FOR CANNABIS,purple
70,['COOLER', 'LANTERN', 'SLEEPING BAG', 'TENT'],CAMPING SUPPLIES,yellow
70,['BARB', 'DIG', 'DISS', 'JAB'],INSULT,green
70,['MINUTE', 'SLIGHT', 'SMALL', 'WEE'],TINY,blue
70,['CAMPER', 'HOUR', 'MEAL', 'MEDIUM'],HAPPY ___,purple
71,['ARIZONA', 'COLORADO', 'NEVADA', 'UTAH'],U.S. MOUNTAIN STATES,yellow
71,['CRUSH', 'MUG', 'SPRITE', 'SQUIRT'],SODA BRANDS,green
71,['GENESIS', 'KANSAS', 'RUSH', 'YES'],CLASSIC ROCK BANDS,blue
71,['HAWK', 'MONTANA', 'SOPRANO', 'STARK'],TONY ___,purple
72,['ACTOR', 'DANCER', 'SINGER', 'STAND-UP'],PERFORMING ARTISTS,yellow
72,['COMET', 'CUPID', 'DASHER', 'VIXEN'],SANTA’S REINDEER,green
72,['CARD', 'CHOCOLATE', 'HEART', 'ROSE'],SEEN ON VALENTINE’S DAY,blue
72,['BOYS', 'LIEUTENANT', 'SANTA', 'TASTE'],“BAD ___” MOVIES,purple
73,['BEARD', 'GOATEE', 'MUSTACHE', 'STUBBLE'],FACIAL HAIR,yellow
73,['GEAR', 'HANDLEBAR', 'PEDAL', 'WHEEL'],BIKE PARTS,green
73,['DOG', 'FOLLOW', 'TAIL', 'TRACK'],PURSUE,blue
73,['DOUBT', 'MOVIE', 'SHADOW', 'VOTE'],THINGS THAT ARE CAST,purple
74,['DODO', 'MAMMOTH', 'MASTODON', 'TRILOBITE'],EXTINCT ANIMALS,yellow
74,['BUSTS', 'FLOPS', 'MISSES', 'TURKEYS'],FAILURES,green
74,['DUDS', 'GETUP', 'OUTFIT', 'THREADS'],SLANG FOR CLOTHES,blue
74,['PECK', 'SMACK', 'SMOOCH', 'X'],KISS,purple
75,['BASH', 'BLOWOUT', 'PARTY', 'SHINDIG'],SOCIAL GATHERING,yellow
75,['COUNTER', 'MIXER', 'RANGE', 'SINK'],FOUND IN A KITCHEN,green
75,['CRICKET', 'PUPPET', 'WHALE', 'WOODCARVER'],“PINOCCHIO” FIGURES,blue
75,['BUNNY', 'EGG', 'ISLAND', 'SUNDAY'],EASTER ___,purple
76,['RISK', 'SORRY', 'TABOO', 'TROUBLE'],BOARD GAMES,yellow
76,['BUSINESS', 'NATIONAL', 'OPINION', 'STYLE'],NEWSPAPER SECTIONS,green
76,['ATLAS', 'HERMES', 'NIKE', 'PARIS'],FIGURES IN GREEK MYTH,blue
76,['FOXY', 'GUCCI', 'KILLER', 'NOTORIOUS'],FIRST WORDS IN RAPPERS’ NAMES,purple
77,['BREAST', 'DRUMSTICK', 'TENDER', 'WING'],PIECES OF CHICKEN,yellow
77,['DRIVER', 'EAGLE', 'HOLE', 'STROKE'],GOLF TERMS,green
77,['CYMBAL', 'KICK', 'SNARE', 'TOM'],DRUM SET COMPONENTS,blue
77,['INFANT', 'PUB', 'SWIMMING', 'TICKER'],ASSOCIATED WITH “CRAWL”,purple
78,['BLISS', 'CLOUD NINE', 'HEAVEN', 'PARADISE'],STATES OF ELATION,yellow
78,['CON', 'FAST ONE', 'HUSTLE', 'RACKET'],SCAM,green
78,['HIGH FIVE', 'HUG', 'SHAKE', 'WAVE'],GREETING GESTURES,blue
78,['BUCKET', 'GUEST', 'TOP TEN', 'WISH'],___ LIST,purple
79,['BOOK', 'BOUNCE', 'RUN', 'SPLIT'],DEPART QUICKLY,yellow
79,['FOX', 'IBEX', 'LYNX', 'ORYX'],ANIMALS THAT END WITH “X”,green
79,['EBONY', 'JET', 'ONYX', 'RAVEN'],SHADES OF BLACK,blue
79,['ASH', 'BLACK', 'CYBER', 'FAT'],WORDS BEFORE DAYS OF THE WEEK,purple
80,['SANDBOX', 'SEESAW', 'SLIDE', 'SWING'],PLAYGROUND FIXTURES,yellow
80,['CLOUT', 'PULL', 'SWAY', 'WEIGHT'],INFLUENCE,green
80,['ANKH', 'CROOK', 'EYE', 'SCARAB'],EGYPTIAN SYMBOLS,blue
80,['COURIER', 'IMPACT', 'PAPYRUS', 'TIMES'],FONTS,purple
81,['FRY', 'NACHO', 'POPPER', 'WING'],APPETIZER UNIT,yellow
81,['BINGO', 'CORRECT', 'RIGHT', 'YES'],RESPONSE TO A CORRECT ANSWER,green
81,['CHIP', 'DING', 'NICK', 'SCRATCH'],MAR,blue
81,['APPLE', 'CRACKER', 'FLAP', 'LUMBER'],___JACK,purple
82,['GOBLET', 'SNIFTER', 'TUMBLER', 'STEIN'],DRINK VESSELS,yellow
82,['CLARINET', 'FLUTE', 'OBOE', 'SAXOPHONE'],WOODWINDS,green
82,['BISHOP', 'FROST', 'OLDS', 'POUND'],AMERICAN POETS,blue
82,['BALLOON', 'BASSOON', 'COFFEE', 'FRICASSEE'],CONSECUTIVE DOUBLE LETTERS,purple
83,['BARE', 'NAKED', 'NUDE', 'UNCLAD'],AU NATUREL,yellow
83,['BUN', 'DANISH', 'MUFFIN', 'TURNOVER'],BAKED GOODS,green
83,['FUMBLE', 'PUNT', 'SACK', 'SNAP'],AMERICAN FOOTBALL ACTIONS,blue
83,['BUFF', 'CLIP', 'FILE', 'POLISH'],MANICURE STEPS,purple
84,['COW', 'DOE', 'HEN', 'MARE'],FEMALE ANIMALS,yellow
84,['I', 'IT', 'THEY', 'WE'],PRONOUNS,green
84,['D', 'L', 'M', 'V'],ROMAN NUMERALS,blue
84,['EWE', 'U', 'YEW', 'YOU'],HOMOPHONES,purple
85,['BRUSH', 'CANVAS', 'EASEL', 'PALETTE'],PAINTING ACCESSORIES,yellow
85,['DRIVE', 'NEUTRAL', 'PARK', 'REVERSE'],AUTOMATIC TRANSMISSION SETTINGS,green
85,['COMB', 'GEAR', 'SAW', 'ZIPPER'],THINGS WITH TEETH,blue
85,['FIRST', 'FOLDING', 'HIGH', 'LAWN'],___ CHAIR,purple
86,['CHART', 'DIAGRAM', 'GRAPH', 'MAP'],INFORMATION DISPLAYS,yellow
86,['BONUS', 'EXTRA', 'ICING', 'PERK'],ADDITIONAL BENEFIT,green
86,['GRAVY', 'PIE', 'STUFFING', 'TURKEY'],THANKSGIVING FOOD,blue
86,['I RAN', 'ISTANBUL', 'MONTERO', 'SATISFACTION'],SONG TITLES WITH PARENTHESES,purple
87,['GNOME', 'GOBLIN', 'OGRE', 'TROLL'],CREATURES IN FOLKLORE,yellow
87,['BUD', 'LEAF', 'PETAL', 'STALK'],FLOWER PARTS,green
87,['AGENT', 'MOLE', 'PLANT', 'SPY'],ONE INVOLVED IN ESPIONAGE,blue
87,['DRAGON', 'HORSE', 'RABBIT', 'TIGER'],CHINESE ZODIAC ANIMALS,purple
88,['HORROR', 'PICTURE', 'ROCKY', 'SHOW'],ROCKY HORROR PICTURE SHOW,yellow
88,['FRAMED', 'RABBIT', 'ROGER', 'WHO'],WHO FRAMED ROGER RABBIT,green
88,['HARRY', 'MET', 'SALLY', 'WHEN'],WHEN HARRY MET SALLY,blue
88,['FURY', 'MAD', 'MAX', 'ROAD'],MAD MAX FURY ROAD,purple
89,['ESSENCE', 'HEART', 'SPIRIT', 'SOUL'],INHERENT NATURE,yellow
89,['CIDER', 'PORT', 'SAKE', 'STOUT'],FERMENTED ALCOHOLIC BEVERAGES,green
89,['BRAVE', 'CARS', 'COCO', 'UP'],PIXAR MOVIES,blue
89,['DEMO', 'RED', 'SCOTCH', 'TICKER'],___ TAPE,purple
90,['BALL', 'OUT', 'SAFE', 'STRIKE'],BASEBALL CALLS,yellow
90,['FORGE', 'FURNACE', 'KILN', 'OVEN'],HEAT SOURCES,green
90,['CARP', 'CATFISH', 'FLOUNDER', 'SMELT'],FISH THAT ARE VERBS,blue
90,['COLONEL', 'SALMON', 'WALK', 'YOLK'],SILENT “L”,purple
91,['ANACONDA', 'CAPYBARA', 'JAGUAR', 'TOUCAN'],AMAZON ANIMALS,yellow
91,['BASE', 'BOTTOM', 'FOOT', 'FOUNDATION'],LOWEST POINT,green
91,['COMPANY', 'GREASE', 'HAIR', 'RENT'],MUSICALS,blue
91,['CHANGE', 'CUCUMBER', 'LEGS', 'LION'],SEA ___,purple
92,['BAT', 'COBWEB', 'PUMPKIN', 'TOMBSTONE'],HALLOWEEN DECORATIONS,yellow
92,['24', 'BONES', 'FIREFLY', 'WEEDS'],TV SHOWS,green
92,['7', 'BAR', 'BELL', 'CHERRY'],SLOT MACHINE SYMBOLS,blue
92,['22', '451', '2001', '20,000'],NUMBERS IN BOOK TITLES,purple
93,['CHAI', 'COCOA', 'COFFEE', 'TEA'],HOT DRINKS,yellow
93,['BUZZ', 'CLUCK', 'MEOW', 'OINK'],ANIMAL SOUNDS,green
93,['BARK', 'BRANCH', 'ROOT', 'TRUNK'],TREE FEATURES,blue
93,['DIRT', 'DISH', 'SCOOP', 'SKINNY'],INSIDE INFO,purple
94,['GET OUT', 'GO', 'LEAVE', 'SCRAM'],“SKEDADDLE!”,yellow
94,['ME', 'THEM', 'US', 'YOU'],PRONOUNS,green
94,['NOPE', 'OPEN', 'PEON', 'PONE'],ANAGRAMS,blue
94,['BEANIE', 'FUR', 'NEPO', 'SANTA'],___ BABY,purple
Game_ID,Words,Category,Color
95,['BOGUS', 'FAKE', 'PHONY', 'SHAM'],COUNTERFEIT,green
95,['IRIS', 'LENS', 'PUPIL', 'RETINA'],EYE PARTS,yellow
95,['COPY', 'OUT', 'OVER', 'ROGER'],RADIO LINGO,blue
95,['ALEJANDRO', 'LOLA', 'MICHELLE', 'STAN'],SONGS THAT ARE NAMES,purple
96,['BUFFALO', 'COW', 'GOAT', 'SHEEP'],BOVIDS,yellow
96,['BEAM', 'GLOW', 'RADIATE', 'SHINE'],EMIT LIGHT,green
96,['FLOOR', 'HORSE', 'RINGS', 'VAULT'],GYMNASTICS APPARATUS,blue
96,['CUTIE', 'ENVY', 'EXCEL', 'SEEDY'],WORDS THAT SOUND LIKE TWO LETTERS,purple
97,['GIANT', 'PRINCESS', 'WITCH', 'WOLF'],FAIRY TALE FIGURES,yellow
97,['BISHOP', 'MATE', 'GAMBIT', 'QUEEN'],CHESS TERMS,green
97,['LUCY', 'NEW YORK', "ROCK 'N ROLL", 'YOU'],“PEANUTS” CHARACTERS,blue
98,['APRICOT', 'FIG', 'GRAPE', 'LIME'],FRUITS,yellow
98,['DELUXE', 'GRAND', 'LAVISH', 'OPULENT'],LUXURIOUS,green
98,['BERRY', 'FOSTER', 'STONE', 'SWANK'],BEST ACTRESS OSCAR WINNERS,blue
98,['ENVIOUS', 'FRESH', 'NAIVE', 'UNWELL'],WHAT “GREEN” MIGHT MEAN,purple
99,['BRIGHT', 'CLEVER', 'QUICK', 'SHARP'],INTELLIGENT,yellow
99,['ALASKA', 'FRONTIER', 'SOUTHWEST', 'SPIRIT'],AIRLINES,green
99,['COWBOY', 'DRIFTER', 'OUTLAW', 'SHERIFF'],WESTERN TROPES,blue
99,['LASSO', 'MARS', 'ROGERS', 'SMART'],TV SHOW TITLE SURNAMES,purple
100,['BOOKMARK', 'HISTORY', 'TAB', 'WINDOW'],WEB BROWSER-RELATED,yellow
100,['BUTTON', 'COLLAR', 'CUFF', 'POCKET'],SHIRT FEATURES,green
100,['BOND', 'LINK', 'RELATION', 'TIE'],CONNECTION,blue
100,['DOZEN', 'JOKE', 'LAUNDRY', 'MARTINI'],DIRTY ___,purple
101,['BACKUP', 'COPY', 'EXTRA', 'SPARE'],REPLACEMENT,yellow
101,['ALLEY', 'BALL', 'LANE', 'PIN'],BOWLING,green
101,['MUG', 'PEN', 'TEE', 'TOTE'],COMMON MERCH ITEMS,blue
101,['ATE', 'FOR', 'TOO', 'WON'],NUMBER HOMOPHONES,purple
102,['BARTENDER', 'CHEF', 'HOST', 'SERVER'],RESTAURANT WORKERS,yellow
102,['BUS', 'CAR', 'MOTORCYCLE', 'TRUCK'],MOTOR VEHICLES,green
102,['ANIMAL', 'BEAKER', 'GONZO', 'SCOOTER'],MUPPETS,blue
102,['DIGIT', 'DOG', 'MITT', 'PIGGY'],HAND- AND FOOT-RELATED SLANG,purple
103,['FLOAT', 'MALT', 'SHAKE', 'SUNDAE'],SODA FOUNTAIN ORDERS,yellow
103,['CONCRETE', 'FIRM', 'SOLID', 'TANGIBLE'],SET, AS PLANS,green
103,['GLASS', 'OLD', 'SIGNS', 'SPLIT'],M. NIGHT SHYAMALAN MOVIES,blue
103,['DASH', 'HOVER', 'KEY', 'STAR'],___BOARD,purple
104,['FIT', 'HEALTHY', 'SOUND', 'STRONG'],ROBUST,yellow
104,['DIP', 'DROP', 'FALL', 'SINK'],DECLINE,green
104,['FOUNTAIN', 'SPRING', 'TAP', 'WELL'],WATER SOURCES,blue
104,['KEYS', 'NICKS', 'SUMMER', 'SWIFT'],WOMEN SINGERS,purple
105,['GRATER', 'LADLE', 'PEELER', 'WHISK'],KITCHEN UTENSILS,yellow
105,['BIRD', 'FISH', 'MAMMAL', 'REPTILE'],VERTEBRATES,green
105,['DINOSAUR', 'MUSHROOM', 'PLUMBER', 'PRINCESS'],SUPER MARIO-RELATED,blue
105,['BUNKER', 'CLEAVER', 'PARTRIDGE', 'TANNER'],SITCOM FAMILIES,purple
106,['BOUQUET', 'RING', 'TRAIN', 'VEIL'],BRIDAL ACCESSORIES,yellow
106,['CAKE', 'COAT', 'COVER', 'CRUST'],“C” WORDS FOR “ENVELOP”,green
106,['BLACK', 'FROST', 'MA', 'SPARROW'],JACKS,blue
106,['BOOK', 'GRAM', 'IN', 'TUBE'],SOCIAL MEDIA APP ENDINGS,purple
107,['BOA', 'MAMBA', 'PYTHON', 'VIPER'],SNAKES,yellow
107,['GARTER', 'SLIP', 'TEDDY', 'THONG'],LINGERIE,green
107,['ABSTRACT', 'BRIEF', 'DIGEST', 'RUNDOWN'],SUMMARY,blue
107,['CIRCLE', 'HOUSE', 'MONTY', 'MOON'],FULL ___,purple
108,['ACORN', 'CONE', 'POLLEN', 'SAP'],PRODUCED BY TREES,yellow
108,['CHOCOLATE', 'GUM', 'LICORICE', 'LOLLIPOP'],CANDY STORE TREATS,green
108,['CHUMP', 'FOOL', 'MARK', 'SUCKER'],TARGET OF A SCHEME,blue
108,['FACE', 'HURRICANE', 'NEEDLE', 'POTATO'],THINGS WITH EYE(S),purple
109,['FLASH', 'GLEAM', 'GLITTER', 'SPARKLE'],REFLECT LIGHT,yellow
109,['FISH', 'FORAGE', 'HUNT', 'TRAP'],WAYS TO GATHER FOOD,green
109,['BOUNCE', 'CRUNK', 'DRILL', 'GRIME'],RAP SUBGENRES,blue
109,['BEER', 'BULB', 'RAIL', 'YEAR'],LIGHT ___,purple
110,['CENTRAL', 'CRITICAL', 'KEY', 'VITAL'],VERY IMPORTANT,yellow
110,['GLASS', 'METAL', 'PAPER', 'PLASTIC'],RECYCLING CATEGORIES,green
110,['HENRY', 'JENNIFER', 'KATE', 'ROCK'],HUDSONS,blue
110,['ASSIGNMENT', 'DEFEAT', 'TEMPO', 'TIRED'],WHAT “BEAT” MAY MEAN,purple
111,['CLUB', 'DIAMOND', 'HEART', 'SPADE'],PLAYING CARD SUITS,yellow
111,['IRON', 'PUTTER', 'WEDGE', 'WOOD'],GOLF CLUBS,green
111,['ACHE', 'LONG', 'PINE', 'THIRST'],YEARN,blue
111,['LOW', 'SHORT', 'SHY', 'WANTING'],INSUFFICIENT,purple
112,['CUP', 'LID', 'STIRRER', 'STRAW'],COFFEE COUNTER ITEMS,yellow
112,['BAT', 'MOTH', 'OWL', 'WOLF'],NOCTURNAL ANIMALS,green
112,['BEET', 'BRICK', 'CARDINAL', 'POPPY'],THINGS THAT ARE RED,blue
112,['ACTION', 'BALLPARK', 'GO', 'STICK'],___ FIGURE,purple
113,['BOW', 'KNEEL', 'SALUTE', 'STAND'],WAYS TO SHOW RESPECT,yellow
113,['CLOCK', 'MAIL', 'MAPS', 'NOTES'],IPHONE APPS,green
113,['DOWN', 'FUR', 'SCALES', 'SHELL'],ANIMAL COVERINGS,blue
113,['ARROW', 'DOG', 'FINGER', 'HINT'],“POINTERS”,purple
114,['AFGHAN', 'ALPACA', 'ANGORA', 'YAK'],LONG-HAIRED ANIMALS,yellow
114,['BLATHER', 'CHAT', 'JABBER', 'GAB'],PRATTLE ON,green
114,['CONVERSE', 'JORDAN', 'PUMA', 'VANS'],SNEAKER BRANDS,blue
114,['LEAD', 'SPEECH', 'TRIAL', 'WATER'],___ BALLOON,purple
115,['MISTLETOE', 'REINDEER', 'SNOWMAN', 'STOCKING'],CHRISTMAS-RELATED,yellow
115,['DISPLAY', 'EXHIBIT', 'PRESENT', 'SHOW'],MAKE PUBLIC,green
115,['BAGEL', 'CHEERIO', 'DONUT', 'LIFESAVER'],TORUS-SHAPED FOOD,blue
115,['CANDY CANE', 'CROSSWALK', 'REFEREE', 'TIGER'],THINGS WITH STRIPES,purple
116,['ARM', 'BRANCH', 'CHAPTER', 'WING'],DIVISION,yellow
116,['BUSHEL', 'PECK', 'STONE', 'TON'],IMPERIAL UNITS,green
116,['ANGEL', 'CUB', 'MET', 'RED'],M.L.B. TEAM MEMBER,blue
116,['AUNT', 'BEATLE', 'FLEE', 'NAT'],INSECT HOMOPHONES,purple
117,['DEAD', 'HAHA', 'LOL', 'ROFL'],LAUGHTER, IN A TEXT,yellow
117,['DADA', 'DECO', 'GOTHIC', 'POP'],ART MOVEMENTS,green
117,['HOOK', 'NANA', 'PETER', 'WENDY'],“PETER PAN” CHARACTERS,blue
117,['BIRD', 'GAGA', 'LUCK', 'MACBETH'],LADY ___,purple
118,['DARREN', 'KAREN', 'SHARON', 'AARON'],RHYMES,yellow
118,['DALE', 'BROOK', 'SAVANNA', 'CLIFF'],NATURAL FEATURES,green
118,['DREW', 'ROSE', 'WILL', 'MAY'],IRREGULAR VERBS,blue
118,['EVE', 'HANNAH', 'OTTO', 'NATAN'],PALINDROMES,purple
119,['ANNIVERSARY', 'BIRTHDAY', 'SHOWER', 'WEDDING'],CELEBRATORY OCCASIONS,yellow
119,['BARS', 'RECEPTION', 'SERVICE', 'SIGNAL'],PHONE CONNECTIVITY,green
119,['BATH', 'DERBY', 'READING', 'SANDWICH'],CITIES AND TOWNS IN ENGLAND,blue
119,['COMIC', 'MET', 'ROCK', 'SOAP'],___ OPERA,purple
120,['CORN', 'CUCUMBER', 'PEPPER', 'TOMATO'],CROPS,yellow
120,['CROWN', 'DOME', 'MELON', 'NOODLE'],SLANG FOR HEAD,green
120,['CUT', 'NUMBER', 'SINGLE', 'TRACK'],SONG,blue
120,['BIRD', 'KETTLE', 'REFEREE', 'TRAIN'],THINGS THAT WHISTLE,purple
121,['GENESIS', 'GERM', 'SEED', 'SOURCE'],ORIGIN,yellow
121,['ACTS', 'JOB', 'KINGS', 'MARK'],BIBLE BOOKS,green
121,['FLAMES', 'KRAKEN', 'STARS', 'WILD'],N.H.L. TEAMS,blue
121,['NAP', 'PLANT', 'RANGER', 'TRIP'],POWER ___,purple
122,['ACTION', 'CAMERA', 'CUT', 'LIGHTS'],FILM SET DIRECTIVES,yellow
122,['CAN', 'COULD', 'MAY', 'MIGHT'],CONDITIONAL WORDS,green
122,['HEAD', 'LEAD', 'PRIME', 'TOP'],FOREMOST,blue
122,['BUTCHER', 'SCRAP', 'TOILET', 'WAX'],___ PAPER,purple
123,['BLOCK', 'COVER', 'HIDE', 'MASK'],CONCEAL,yellow
123,['CROWN', 'DIAL', 'HAND', 'STRAP'],PARTS OF A WATCH,green
123,['LASSO', 'SHIELD', 'SWORD', 'TIARA'],WONDER WOMAN’S COSTUME,blue
123,['CANDIDATE', 'FAUCET', 'MASCARA', 'NOSE'],THINGS THAT CAN RUN,purple
124,['FAVA', 'KIDNEY', 'LIMA', 'PINTO'],BEANS,yellow
124,['LAGOS', 'LIMERICK', 'LINCOLN', 'LUXOR'],CITIES BEGINNING WITH “L”,green
124,['LINE', 'METER', 'RHYME', 'VERSE'],POETRY TERMS,blue
124,['CREATOR', 'DUDE', 'RAPPER', 'STALLION'],“THE(E) ___” RAPPERS,purple
125,['BOTTOM', 'BUNS', 'SEAT', 'TAIL'],BUTT,yellow
125,['CORD', 'CRADLE', 'DIAL', 'HANDSET'],ROTARY PHONE PARTS,green
125,['CRIB', 'DIGS', 'JOINT', 'PAD'],SLANG FOR HOME,blue
125,['BOOTY', 'LOOT', 'SPOILS', 'SWAG'],PLUNDER,purple
126,['FILE', 'HAMMER', 'LEVEL', 'SAW'],TOOLS,yellow
126,['JERK', 'TUG', 'WRENCH', 'YANK'],PULL,green
126,['COPY', 'FIND', 'PRINT', 'SAVE'],SHORTCUT COMMANDS,blue
126,['BABE', 'BEETHOVEN', 'CHARLOTTE', 'WILLY'],TITLE MOVIE ANIMALS,purple
127,['FRIDAY', 'SATURDAY', 'SUNDAY', 'THURSDAY'],DAYS OF THE WEEK,yellow
127,['ROT', 'SOUR', 'SPOIL', 'TURN'],GO BAD,green
127,['FESTER', 'LURCH', 'THING', 'WEDNESDAY'],“THE ADDAMS FAMILY” CHARACTERS,blue
127,['CAT', 'CHANCE', 'LIP', 'TUESDAY'],FAT ___,purple
128,['BOO', 'HISS', 'JEER', 'RASPBERRY'],TAUNTS,yellow
128,['BOMB', 'DUD', 'FLOP', 'LEMON'],FAILURE,green
128,['DESERT', 'GHOST', 'IGNORE', 'JILT'],RUDELY BREAK OFF CONTACT,blue
128,['BOTTOM', 'CANDY', 'GARDEN', 'STAR'],ROCK ___,purple
129,['BORE', 'DRAG', 'SNOOZE', 'YAWN'],SOMETHING TIRESOME,yellow
129,['BREEZE', 'DRAFT', 'GUST', 'PUFF'],BIT OF WIND,green
129,['BITE', 'KICK', 'TANG', 'ZIP'],PIQUANCY,blue
129,['BOXER', 'GOGGLE', 'PANT', 'TONG'],SINGULAR OF THINGS SEEN IN PAIRS,purple
130,['FABRICATE', 'FAKE', 'FIX', 'FORGE'],FALSIFY,yellow
130,['FIDDLESTICKS', 'FIE', 'FRICK', 'FUDGE'],MILD OATHS,green
130,['FARGO', 'FIREFLY', 'FLEABAG', 'FLIPPER'],TV SHOWS,blue
130,['FASHION', 'FOOD', 'FORWARD', 'FRIENDS'],FAST ___,purple
131,['DEN', 'HIVE', 'LAIR', 'NEST'],ANIMAL HOMES,yellow
131,['CLOUD', 'METAVERSE', 'NET', 'WEB'],VIRTUAL SPACES,green
131,['EQUAL', 'EVEN', 'FAIR', 'JUST'],EQUITABLE,blue
131,['GOOD', 'IMPOSSIBLE', 'NOTHING', 'WARREN'],___ BURGER,purple
132,['BOWL', 'DISH', 'PLATE', 'SAUCER'],TABLEWARE,yellow
132,['BALONEY', 'BUNK', 'CROCK', 'TRIPE'],NONSENSE,green
132,['CUP', 'HOOK', 'STRAP', 'WIRE'],BRA PARTS,blue
132,['LASER', 'RADAR', 'SCUBA', 'SPAM'],ACRONYMS,purple
133,['CHILL', 'HANG', 'LOAF', 'LOUNGE'],RELAX,yellow
133,['BANGER', 'BOP', 'GROOVE', 'JAM'],CATCHY SONG,green
133,['MASH', 'ROAST', 'SCONE', 'TRIFLE'],BRITISH CUISINE,blue
133,['BIND', 'PICKLE', 'SCRAPE', 'SPOT'],STICKY SITUATION,purple
134,['FOCUS', 'RING', 'SILENT', 'VIBRATE'],CELL PHONE MODES,yellow
134,['DRIVE', 'INSPIRE', 'MOTIVATE', 'SPUR'],IMPEL,green
134,['CONNECTION', 'FEELINGS', 'SPARK', 'VIBE'],ROMANTIC BEGINNINGS,blue
134,['CANDY', 'COPY', 'KNOCKS', 'SELTZER'],HARD ___,purple
135,['COLONY', 'HERD', 'PRIDE', 'SCHOOL'],ANIMAL GROUPS,yellow
135,['CRANNY', 'NICHE', 'NOOK', 'RECESS'],SMALL OPENING,green
135,['CLASSIC', 'DEFINITIVE', 'MODEL', 'TEXTBOOK'],PARADIGMATIC,blue
135,['BACKPACK', 'BIGWIG', 'DOWNTOWN', 'RAGTAG'],RHYMING COMPOUND WORDS,purple
136,['FUTURE', 'PAST', 'PERFECT', 'PRESENT'],GRAMMAR TENSE TERMS,yellow
136,['GOODNESS', 'HEAVENS', 'LORD', 'MERCY'],“GRACIOUS ME!”,green
136,['DRUMMER', 'LADY', 'RING', 'SWAN'],12 DAYS OF CHRISTMAS,blue
136,['CORN', 'COUGH', 'MAPLE', 'SIMPLE'],___ SYRUP,purple
137,['BUILD', 'GROW', 'SWELL', 'MOUNT'],INCREASE,yellow
137,['ACES', 'KEEN', 'NEATO', 'NIFTY'],EXCELLENT, IN OLD SLANG,green
137,['FOAM', 'FROTH', 'HEAD', 'LATHER'],FINE BUBBLES,blue
137,['BUBBLE', 'GLOBE', 'MARBLE', 'PEARL'],SPHERICAL THINGS,purple
138,['BRASS', 'CHEEK', 'GALL', 'NERVE'],SHAMELESS BOLDNESS,yellow
138,['COPPER', 'GOLD', 'NICKEL', 'SILVER'],METAL ELEMENTS,green
138,['MERCURY', 'SKY', 'SPARKS', 'LIBERTY'],W.N.B.A. TEAMS,blue
138,['CARS', 'ELEPHANTS', 'SWIMMERS', 'TREES'],THINGS WITH TRUNKS,purple
139,['SIGHT', 'SMELL', 'TASTE', 'TOUCH'],SENSES,yellow
139,['DRESS', 'LOOK', 'MANNER', 'STYLE'],APPEARANCE,green
139,['DITTO', 'LIKEWISE', 'SAME', 'SECOND'],“AGREE!”,blue
139,['BLUE', 'HARVEST', 'NEW', 'SAILOR'],___ MOON,purple
140,['HASH', 'JUMBLE', 'MEDLEY', 'STEW'],MISHMASH,yellow
140,['CHALLENGE', 'CONFRONT', 'FACE', 'OPPOSE'],GO UP AGAINST,green
140,['BROOD', 'CLUTCH', 'HATCH', 'LITTER'],GROUP OF OFFSPRING,blue
140,['BODY', 'BRIDGE', 'FRET', 'NECK'],GUITAR PARTS,purple
141,['BEAK', 'FEATHER', 'TALON', 'WING'],BIRD FEATURES,yellow
141,['FLASH', 'HEARTBEAT', 'SECOND', 'WINK'],BLINK OF AN EYE,green
141,['BAMBOO', 'DRAGON', 'SEASON', 'WIND'],MAHJONG TILES,blue
141,['BELLY', 'HOT', 'PANIC', 'SNOOZE'],___ BUTTON,purple
142,['DAISY', 'ROSE', 'TULIP', 'VIOLET'],FLOWERS,yellow
142,['BARN', 'CHICKEN', 'FARMER', 'TRACTOR'],SEEN ON A FARM,green
142,['ASTER', 'CARPENTER', 'CRAVEN', 'WAN'],HORROR DIRECTORS,blue
142,['DUST', 'LIFE', 'SPORTS', 'YELLOW'],___ JACKET,purple
143,['FOLLOW', 'LIKE', 'SHARE', 'SUBSCRIBE'],SOCIAL MEDIA ACTIONS,yellow
143,['DARN', 'HEM', 'SEAM', 'SEW'],USE A NEEDLE AND THREAD,green
143,['ER', 'HOUSE', 'RATCHED', 'SCRUBS'],SHOWS SET IN HOSPITALS,blue
143,['ERM', 'UH', 'UM', 'WELL'],EXPRESSIONS OF HESITATION,purple
144,['BURN', 'KINDLE', 'LIGHT', 'TORCH'],IGNITE,yellow
144,['DATA', 'INFO', 'INTEL', 'NEWS'],INFORMATION,green
144,['DELL', 'GLEN', 'HOLLOW', 'VALLEY'],SMALL WOODED AREA,blue
144,['APPLE', 'COMPUTER', 'PLANET', 'REACTOR'],THINGS WITH CORES,purple
145,['HOWEVER', 'STILL', 'THOUGH', 'YET'],NEVERTHELESS,yellow
145,['HEAR', 'KNOCK', 'THERE', 'TUT'],REPEATED WORDS IN EXPRESSIONS,green
145,['ARE', 'SEE', 'WHY', 'YOU'],WORDS ABBREVIATED WITH LETTERS,blue
145,['FAMILY', 'FLUSH', 'JELLY', 'WE'],ROYAL ___,purple
146,['DRILL', 'PRACTICE', 'STUDY', 'TRAIN'],WAYS TO PREPARE,yellow
146,['HOSE', 'PIPE', 'STRAW', 'TUBE'],HOLLOW CYLINDERS,green
146,['CANDLESTICK', 'KNIFE', 'ROPE', 'WRENCH'],WEAPONS IN THE GAME CLUE,blue
146,['CIGARETTE', 'BIKE', 'TICKET', 'SPORTS'],“E-” THINGS,purple
147,['EVEN', 'LEVEL', 'STABLE', 'STEADY'],UNCHANGING,yellow
147,['LANCE', 'PIN', 'SKEWER', 'SPIT'],LONG, SHARP OBJECTS,green
147,['BILLBOARD', 'PITCHFORK', 'ROLLING STONE', 'SPIN'],MUSIC PUBLICATIONS,blue
147,['UNIFORM', 'BICYCLE', 'TRILOGY', 'QUADRANT'],WORDS WITH NUMERICAL PREFIXES,purple
148,['BOND', 'CD', 'OPTION', 'STOCK'],INVESTMENTS,yellow
148,['LP', 'PLATTER', 'VINYL', 'WAX'],TERMS FOR RECORDS,green
148,['BOUILLON', 'DIE', 'ICE', 'SUGAR'],CUBE-SHAPED,blue
148,['FUNNY', 'HERRING', 'SOUP', 'WISH'],WORDS THAT GO WITH “BONE”,purple
149,['CHIME', 'DING', 'PING', 'RING'],DIGITAL NOTIFICATION SOUNDS,yellow
149,['RAT', 'SING', 'SNITCH', 'SQUEAL'],TATTLE,green
149,['CAMP', 'DIVISION', 'FACTION', 'WING'],GROUP WITHIN A GROUP,blue
149,['BING', 'EDGE', 'SURFACE', 'WORD'],MICROSOFT PRODUCTS,purple
150,['FLIP-FLOP', 'SUNSCREEN', 'TOWEL', 'UMBRELLA'],BROUGHT TO THE BEACH,yellow
150,['CURLY', 'SHOESTRING', 'WAFFLE', 'WEDGE'],TYPES OF FRENCH FRIES,green
150,['HEDGE', 'SEE-SAW', 'WAVER', 'YO-YO'],EQUIVOCATE,blue
150,['BREEZE', 'MARY', 'MULE', 'RUSSIAN'],SECOND WORDS OF VODKA COCKTAILS,purple
151,['DIET', 'EXERCISE', 'FRESH AIR', 'SLEEP'],DOCTORS’ ORDERS,yellow
151,['COMPOSE', 'FORWARD', 'REPLY ALL', 'SEND'],EMAIL ACTIONS,green
151,['RADIOLAB', 'SERIAL', 'UP FIRST', 'WTF'],PODCASTS,blue
151,['BLACK', 'DIVINE', 'PROP', 'SKETCH'],___ COMEDY,purple
152,['ANISE', 'DILL', 'NUTMEG', 'SAGE'],SPICES,yellow
152,['BRIGHT', 'QUICK', 'SHARP', 'SMART'],INTELLIGENT,green
152,['AXE', 'DEGREE', 'OLD SPICE', 'SECRET'],DEODORANTS,blue
152,['CLUB', 'MACE', 'SPEAR', 'SWORD'],MEDIEVAL WEAPONS,purple
153,['LIGHT', 'SHORT', 'SPARE', 'THIN'],SPARSE/LACKING,yellow
153,['BALL', 'BLAST', 'KICK', 'RIOT'],FUN TIME,green
153,['BOOM', 'DOLLY', 'LENS', 'TRIPOD'],FILMMAKING EQUIPMENT,blue
153,['CLUE', 'GRIP', 'LIFE', 'ROOM'],“GET A ___!”,purple
154,['FORD', 'GRANT', 'LINCOLN', 'WILSON'],PRESIDENTS,yellow
154,['COACH', 'GM', 'PLAYER', 'SCOUT'],SPORTS PROFESSIONALS,green
154,['BMW', 'HONDA', 'JAGUAR', 'SUBARU'],CAR COMPANIES,blue
154,['AUTO', 'POST', 'SEMI', 'SUB'],COMMON PREFIXES,purple
155,['LETTER', 'PARAGRAPH', 'SENTENCE', 'WORD'],UNIT OF LANGUAGE,yellow
155,['FEATURE', 'HALLMARK', 'STAMP', 'TRAIT'],TRADEMARK,green
155,['CARD', 'CLOWN', 'CUTUP', 'JOKER'],FUNNY PERSON,blue
155,['BOOK', 'TABLE', 'TEA', 'TREE'],THINGS WITH LEAVES,purple
156,['ANGER', 'FEAR', 'HAPPINESS', 'SURPRISE'],BASIC EMOTIONS,yellow
156,['BEHOLD', 'PRESTO', 'TADA', 'VOILA'],BIT OF VOCAL FANFARE,green
156,['GET', 'LAND', 'SECURE', 'WIN'],OBTAIN,blue
156,['ADAM', 'CARPENTER', 'FIRE', 'RED'],___ ANT,purple
157,['EW', 'ICK', 'PU', 'UGH'],“GROSS!”,yellow
157,['O', 'OK', 'US', 'W'],MAGAZINES,green
157,['HAI', 'JA', 'SI', 'DA'],“YES” IN DIFFERENT LANGUAGES,blue
157,['OUI', 'WE', 'WEE', 'WII'],HOMOPHONES,purple
158,['BULL', 'HOGWASH', 'NONSENSE', 'ROT'],BALDERDASH,yellow
158,['DIRECT', 'GUIDE', 'LEAD', 'STEER'],HELM,green
158,['BUFFALO', 'DEER', 'FISH', 'MOOSE'],SINGLE/PLURAL ANIMALS,blue
158,['DANE', 'LAKE', 'SEAL', 'WHITE'],GREAT ___,purple
159,['DIPS', 'LUNGES', 'PLANKS', 'SQUATS'],BODYWEIGHT EXERCISES,yellow
159,['BEST', 'CHEERS', 'REGARDS', 'THANKS'],EMAIL SIGN-OFFS,green
159,['CARDS', 'JAYS', 'NATS', 'YANKS'],M.L.B. TEAMS, FOR SHORT,blue
159,['BANKS', 'MOSS', 'TAYLOR', 'WARREN'],ELIZABETHS (AND ONE ELISABETH),purple
160,['GANDER', 'GLANCE', 'GLIMPSE', 'LOOK'],QUICK PEEK,yellow
160,['ACT', 'BLUFF', 'CHARADE', 'FRONT'],DECEIT,green
160,['CLIFF', 'CRAG', 'LEDGE', 'RIDGE'],PARTS OF A MOUNTAIN,blue
160,['PEAK', 'PEEK', 'PEKE', 'PIQUE'],HOMOPHONES,purple
161,['BIRTH', 'CREATION', 'DAWN', 'START'],ONSET,yellow
161,['AUGUST', 'GRAND', 'NOBLE', 'REGAL'],VENERABLE,green
161,['MARCH', 'STEP', 'STRIDE', 'TREAD'],WALK,blue
161,['EARTH', 'GROUNDHOG', 'LABOR', 'MAY'],___ DAY HOLIDAYS,purple
162,['CARDINAL', 'LAMA', 'MONK', 'PASTOR'],RELIGIOUS FIGURES,yellow
162,['BABOON', 'BONOBO', 'GIBBON', 'GORILLA'],PRIMATES,green
162,['MANGO', 'MINT', 'TAMARIND', 'TOMATO'],CHUTNEY VARIETIES,blue
162,['APE', 'MIME', 'MIRROR', 'PARROT'],IMITATE,purple
163,['CANINE', 'FANG', 'MOLAR', 'TUSK'],TYPES OF TEETH,yellow
163,['CHIC', 'HIP', 'HOT', 'IN'],FASHIONABLE,green
163,['FLOSS', 'ROBOT', 'VOGUE', 'WORM'],DANCE MOVES,blue
163,['LEECH', 'STRAW', 'VACUUM', 'VAMPIRE'],THINGS THAT SUCK,purple
164,['CANYON', 'GULCH', 'PASS', 'RAVINE'],AREAS BETWEEN MOUNTAINS AND HILLS,yellow
164,['GORGE', 'GULP', 'SCARF', 'WOLF'],EAT VORACIOUSLY,green
164,['APPLE', 'BASHFUL', 'MIRROR', 'QUEEN'],FEATURED IN “SNOW WHITE”,blue
164,['CHEN', 'CLARK', 'COWL', 'CRAVEN'],“C” + BIRD,purple
165,['PASTY', 'PIE', 'TART', 'TURNOVER'],FOODS WITH CRUSTS,yellow
165,['BOUQUET', 'PARFAIT', 'RAGOUT', 'RAPPORT'],ENDING IN A SILENT “T”,green
165,['JAPAN', 'POLAND', 'TUNISIA', 'TURKEY'],COUNTRIES WITH RED AND WHITE FLAGS,blue
165,['BIRD', 'CURRY', 'JAMES', 'JORDAN'],N.B.A. GREATS,purple
166,['KNOCK', 'PAN', 'ROAST', 'SLAM'],CRITICIZE,yellow
166,['ALONE', 'CATFISH', 'CHOPPED', 'SURVIVOR'],REALITY SHOWS,green
166,['FIAT', 'JAGUAR', 'MINI', 'RAM'],CAR BRANDS,blue
166,['BACHELOR', 'LILY', 'MAXI', 'MOUSE'],___ PAD,purple
167,['HIDDEN', 'PRIVATE', 'REMOTE', 'SECRET'],SECLUDED,yellow
167,['AMOUNT', 'NUMBER', 'QUANTITY', 'VOLUME'],AGGREGATE SIZE,green
167,['CANAL', 'CHANNEL', 'SOUND', 'STRAIT'],BODIES OF WATER,blue
167,['96', 'MOW', 'NOON', 'SIS'],READS THE SAME ROTATED 180°,purple
168,['CITY', 'COUNTY', 'TOWN', 'VILLAGE'],MUNICIPALITIES,yellow
168,['CHOP', 'GRIND', 'PULSE', 'PUREE'],BLENDER BUTTONS,green
168,['CAPITAL', 'EQUITY', 'INTEREST', 'STOCK'],FINANCIAL TERMS,blue
168,['IVY', 'JUSTICE', 'LITTLE', 'PREMIER'],___ LEAGUE,purple
169,['HUM', 'SING', 'SCAT', 'WHISTLE'],CARRY A TUNE,yellow
169,['COUNT', 'GROSS', 'SUM', 'TOTAL'],WHOLE AMOUNT,green
169,['LIME', 'MINT', 'RUM', 'SODA'],MOJITO INGREDIENTS,blue
169,['GLUE', 'GUM', 'TAPE', 'STICK'],THINGS THAT ARE “STICKY”,purple
170,['BEDROOM', 'DEN', 'KITCHEN', 'STUDY'],ROOMS IN A HOUSE,yellow
170,['ATOLL', 'BAR', 'ISLAND', 'KEY'],LAND SURROUNDED BY WATER,green
170,['CRAM', 'JAM', 'PACK', 'STUFF'],FILL TO EXCESS,blue
170,['BAG', 'COUNTER', 'DIP', 'SPROUT'],BEAN ___,purple
171,['ARCH', 'BALL', 'SOLE', 'TOE'],FOOT PARTS,yellow
171,['BASS', 'HARP', 'HORN', 'ORGAN'],MUSICAL INSTRUMENTS,green
171,['COME', 'DOWN', 'SIT', 'STAY'],DOG COMMANDS,blue
171,['DOG', 'HEEL', 'JERK', 'SNAKE'],BADDIE,purple
172,['DODGE', 'DUCK', 'ESCAPE', 'SKIRT'],AVOID,yellow
172,['BIRDS', 'NOTORIOUS', 'REBECCA', 'ROPE'],HITCHCOCK MOVIES,green
172,['GOOSE', 'HOBBES', 'ROBIN', 'WATSON'],SIDEKICKS,blue
172,['COTTAGE', 'CREAM', 'SAY', 'STRING'],___ CHEESE,purple
173,['MALL', 'MARKET', 'OUTLET', 'STORE'],PLACES TO SHOP,yellow
173,['SHAVE', 'THREAD', 'TWEEZE', 'WAX'],WAYS TO REMOVE HAIR,green
173,['CUT', 'PIECE', 'SHARE', 'TAKE'],PORTION OF PROFIT,blue
173,['ALLEN', 'CRESCENT', 'MONKEY', 'SOCKET'],KINDS OF WRENCHES,purple
174,['BASKET', 'BIN', 'CHEST', 'HAMPER'],CONTAINERS,yellow
174,['BAND', 'CIRCLE', 'HOOP', 'RING'],CIRCULAR SHAPES,green
174,['CAP', 'CHECK', 'CURB', 'LIMIT'],RESTRICT,blue
174,['NBA', 'PAPER', 'PEARL', 'TRAFFIC'],___ JAM,purple
175,['CABLE', 'ELECTRIC', 'GAS', 'WATER'],MONTHLY BILLS,yellow
175,['ACOUSTIC', 'AUDITORY', 'HEARD', 'SONIC'],AUDITORY/RELATED TO SOUND,green
175,['COUPLE', 'HITCH', 'LINK', 'TIE'],CONNECT,blue
175,['AMP', 'FIRE', 'HYPE', 'PUMP'],EXCITE, WITH “UP”,purple
176,['BAGUETTE', 'BUN', 'LOAF', 'ROLL'],UNIT OF BREAD,yellow
176,['CLINCH', 'GUARANTEE', 'LOCK', 'SECURE'],ASSURE, AS A WIN,green
176,['CHIP', 'MARK', 'NICK', 'SCRATCH'],SMALL IMPERFECTION,blue
176,['LETTUCE', 'HAIR', 'STATE', 'STEAM'],HEAD OF ___,purple
177,['BIG', 'GIANT', 'GREAT', 'HUGE'],ENORMOUS,yellow
177,['FICTION', 'HUMOR', 'POETRY', 'TRAVEL'],BOOKSTORE SECTIONS,green
177,['CHEERS', 'EUPHORIA', 'FELICITY', 'GLEE'],TV SHOWS WITH HAPPY-SOUNDING NAMES,blue
177,['CONSTRUCTION', 'FRASIER', 'PAPER', 'WHOOPING'],___ CRANE,purple
178,['CLEF', 'NOTE', 'REST', 'STAFF'],FOUND ON SHEET MUSIC,yellow
178,['BULL', 'CRAB', 'SCALES', 'TWINS'],ZODIAC SYMBOLS,green
178,['CAPITOL', 'COLUMBIA', 'VIRGIN', 'ISLAND'],RECORD LABELS,blue
178,['CAN', 'GEM', 'LIB', 'TAU'],ZODIAC SIGN BEGINNINGS,purple
179,['HI', 'LA', 'MA', 'OK'],STATE ABBREVIATIONS,yellow
179,['BET', 'E', 'HALLMARK', 'USA'],CABLE CHANNELS,green
179,['ALPHA', 'BRAVO', 'ROMEO', 'TANGO'],NATO ALPHABET LETTERS,blue
179,['BOO', 'POM', 'TOM', 'YO'],___-___,purple
180,['EBB', 'FADE', 'FLAG', 'WANE'],DECLINE,yellow
180,['PURE', 'SHEER', 'TOTAL', 'UTTER'],ABSOLUTE,green
180,['AIR', 'SPEAK', 'STATE', 'VOICE'],EXPRESS,blue
180,['BANNER', 'PRINCE', 'STARK', 'WAYNE'],SUPERHERO LAST NAMES,purple
181,['FLOAT', 'SHAKE', 'SPLIT', 'SUNDAE'],ICE CREAM TREATS,yellow
181,['BOLT', 'NAIL', 'RIVET', 'SCREW'],HARDWARE FASTENERS,green
181,['CORN', 'OLIVE', 'PALM', 'PEANUT'],KINDS OF COOKING OIL,blue
181,['FINGERS', 'NOTE', 'RICE', 'WICKET'],STICKY ___,purple
182,['BOUND', 'LEAP', 'SPRING', 'VAULT'],JUMP INTO THE AIR,purple
182,['BANK', 'BED', 'DELTA', 'MOUTH'],PARTS OF A RIVER,yellow
182,['BREEZE', 'CINCH', 'PICNIC', 'SNAP'],SOMETHING EASY TO DO,green
182,['COIL', 'SPIRAL', 'TWIST', 'WIND'],WRAP AROUND IN A CIRCLE,blue
183,['PERCH', 'ROOST', 'SETTLE', 'LAND'],COME DOWN TO REST,green
183,['CHIFFON', 'SATIN', 'SILK', 'VELVET'],LUXURIOUS FABRICS,yellow
183,['EYELET', 'LACE', 'SOLE', 'TONGUE'],SHOE PARTS,blue
183,['BABY', 'BLOW', 'PACKAGE', 'SPEECH'],THINGS THAT ARE DELIVERED,purple
184,['SHADOW', 'TAIL', 'TRACK', 'TRAIL'],FOLLOW,green
184,['CLOUD', 'FOG', 'HAZE', 'MIST'],MURKY CONDITION,yellow
184,['BALL', 'BUMPER', 'FLIPPER', 'PLUNGER'],PINBALL MACHINE COMPONENTS,blue
184,['ICE', 'IRE', 'FIN', 'NETHER'],___LAND COUNTRIES,purple
185,['BUNKER', 'FAIRWAY', 'GREEN', 'ROUGH'],GOLF COURSE PARTS,yellow
185,['BAWDY', 'BLUE', 'COARSE', 'RISQUE'],INDECENT,blue
185,['ENOUGH', 'MERCY', 'STOP', 'UNCLE'],“I GIVE!”,green
185,['BOUGH', 'COUGH', 'DOUGH', 'TOUGH'],”-OUGH” WORDS THAT DON’T RHYME,purple
186,['BADGER', 'BUG', 'HOUND', 'NAG'],PESTER,yellow
186,['DIVIDE', 'FORK', 'PART', 'SPLIT'],SEPARATE,blue
186,['FOX', 'LINING', 'SCREEN', 'SPOON'],SILVER ___,purple
186,['ARENA', 'BOWL', 'DOME', 'FIELD'],SPORTS VENUES,green
187,['CRAB', 'CRANK', 'GROUCH', 'GRUMP'],CURMUDGEON,yellow
187,['CROUCH', 'DUCK', 'SQUAT', 'STOOP'],GET LOW,green
187,['ANTHEM', 'FLAG', 'MOTTO', 'SEAL'],NATIONAL SYMBOLS,blue
187,['CHEAT', 'CROOK', 'QUACK', 'SHARK'],SWINDLER,purple
188,['HOE', 'PLOW', 'RAKE', 'SICKLE'],FARM TOOLS,yellow
188,['AMUSE', 'DELIGHT', 'PLEASE', 'TICKLE'],MAKE HAPPY,blue
188,['BANG', 'PLOP', 'SPLASH', 'THUD'],ONOMATOPOEIA,purple
188,['PLOT', 'PLOY', 'RUSE', 'TRICK'],SCHEME,green
189,['BANK', 'SAVE', 'STASH', 'STORE'],RESERVE FOR LATER,yellow
189,['GALL', 'GUTS', 'NERVE', 'STONES'],BOLDNESS, FIGURATIVELY,green
189,['CARROT', 'COAL', 'SNOW', 'STICKS'],USED TO BUILD A SNOWMAN,blue
189,['BONE', 'BUSINESS', 'GIRL', 'PAGES'],FUNNY ___,purple
190,['FLASH', 'JIFFY', 'SECOND', 'WINK'],BRIEF MOMENT,yellow
190,['CHIEF', 'FIRST', 'MAIN', 'PRINCIPAL'],PRIMARY,green
190,['BROADWAY', 'FIFTH', 'MADISON', 'PARK'],AVENUES IN NYC,blue
190,['AMATEUR', 'ELEVENTH', 'HAPPY', 'RUSH'],___ HOUR,purple
191,['BELT', 'BRACELET', 'TIE', 'WATCH'],ACCESSORIES,yellow
191,['BIT', 'JOKE', 'ROUTINE', 'SKETCH'],COMEDIAN'S OUTPUT,green
191,['APPEAL', 'CHARM', 'DRAW', 'PULL'],ATTRACTION,blue
191,['CANINE', 'FREIGHT', 'OFTEN', 'STONE'],TWO LETTERS + NUMBER,purple
192,['BUZZ', 'CALL', 'DIAL', 'RING'],CONTACT VIA PHONE,yellow
192,['APPENDIX', 'CHAPTER', 'INDEX', 'PREFACE'],BOOK SECTIONS,green
192,['DINKY', 'LITTLE', 'MINUTE', 'SLIGHT'],WEE,blue
192,['ITCHY', 'JERRY', 'PINKY', 'SPEEDY'],CARTOON MICE,purple
193,['DRYER', 'HAMPER', 'IRON', 'WASHER'],SEEN IN A LAUNDRY ROOM,yellow
193,['DIRECT', 'GUIDE', 'LEAD', 'STEER'],SHEPHERD,green
193,['IODINE', 'IOTA', 'MYSELF', 'ONE'],WHAT "I" MIGHT MEAN,blue
193,['DEATH', 'HIDDEN', 'SILICON', 'UNCANNY'],___ VALLEY,purple
194,['ANGEL', 'CLOWN', 'PIRATE', 'WITCH'],CLASSIC HALLOWEEN COSTUMES,yellow
194,['COMB', 'HIVE', 'HONEY', 'WAX'],BEE CREATIONS,green
194,['PERIOD', 'SPELL', 'STRETCH', 'WHILE'],INTERVAL OF TIME,blue
194,['DEAR', 'HAIR', 'HOARSE', 'WAIL'],ANIMAL HOMOPHONES,purple
195,['BOAT', 'CAR', 'PLANE', 'TRAIN'],MEANS OF TRANSPORTATION,yellow
195,['DOWN', 'GAME', 'IN', 'ON BOARD'],WILLING TO PARTICIPATE,green
195,['DASH', 'DROP', 'PINCH', 'SPLASH'],LITTLE BIT, IN A RECIPE,blue
195,['BLUE', 'GOOSE', 'RASP', 'STRAW'],___ BERRY,purple
196,['LIGHT', 'MELLOW', 'MILD', 'SOFT'],GENTLE,yellow
196,['BELLY', 'CHOP', 'HOCK', 'SHOULDER'],CUTS OF PORK,green
196,['CANDLE', 'DANDELION', 'DICE', 'EYELASH'],THINGS TO BLOW ON FOR WISHES / LUCK,blue
196,['CROWN', 'ROBE', 'TABLET', 'TORCH'],STATUE OF LIBERTY FEATURES,purple
197,['BABY', 'BOO', 'DEAR', 'LOVE'],DARLING,yellow
197,['LINE', 'POINT', 'RAY', 'SEGMENT'],BASIC GEOMETRIC OBJECTS,green
197,['ENERGY', 'FIRE', 'JUICE', 'ZIP'],OOMPH,blue
197,['AGENT', 'CODE', 'SANTA', 'SAUCE'],SECRET ___,purple
198,['ALLEY', 'DRIVE', 'LANE', 'STREET'],ROAD NAMES,yellow
198,['FOLIO', 'LEAF', 'PAGE', 'SHEET'],PAPER IN A BOOK,green
198,['CHECK', 'CURB', 'LIMIT', 'STEM'],RESTRAIN,blue
198,['BLOW', 'HOLD', 'PICK', 'THUMB'],THINGS YOU CAN DO TO YOUR NOSE,purple
199,['MESSAGE', 'OMEN', 'SIGN', 'WARNING'],INDICATION OF THINGS TO COME,yellow
199,['GEN', 'MS', 'PROF', 'REV'],NAME PREFIXES,green
199,['CHARCOAL', 'INK', 'PAINT', 'PASTEL'],ART MEDIUMS,blue
199,['BELL', 'BLACK', 'DR', 'GHOST'],___ PEPPER,purple
200,['BUMPER', 'HOOD', 'TIRE', 'TRUNK'],PARTS OF A CAR,yellow
200,['BOLT', 'DART', 'DASH', 'ZIP'],MOVE QUICKLY,green
200,['CARDINAL', 'JAY', 'LARK', 'SWIFT'],BIRDS,blue
200,['HANCOCK', 'HOLIDAY', 'MONK', 'PARKER'],JAZZ LEGENDS,purple
201,['CROP', 'POLO', 'TANK', 'TEE'],SHIRTS,yellow
201,['BAD', 'FLY', 'FRESH', 'RAD'],COOL, IN '80S SLANG,green
201,['BEE', 'EX', 'GEE', 'JAY'],LETTER SPELLINGS,blue
201,['BOY', 'BY', 'CURIOUS', 'SAINT'],___ GEORGE,purple
202,['ORCA', 'PANDA', 'SKUNK', 'ZEBRA'],BLACK-AND-WHITE ANIMALS,yellow
202,['CHAIN', 'SERIES', 'STRING', 'TRAIN'],SEQUENCE,green
202,['BASS', 'DOVE', 'DESERT', 'WIND'],HETERONYMS,blue
202,['BEAR', 'SAND', 'SPEED', 'TOURIST'],___ TRAP,purple
203,['CLUB', 'GROUP', 'PARTY', 'TEAM'],ORGANIZATION,yellow
203,['CLARITY', 'DEFINITION', 'DETAIL', 'RESOLUTION'],SHARPNESS, AS OF AN IMAGE,green
203,['CHAMPAGNE', 'DIJON', 'NICE', 'TOURS'],PLACES IN FRANCE,blue
203,['BALL', 'COUNTDOWN', 'FIREWORKS', 'KISS'],HAPPY NEW YEAR!,purple
204,['PLANT', 'SEED', 'WATER', 'WEED'],GARDENING NOUNS/VERBS,yellow
204,['CAESAR', 'GREEK', 'GREEN', 'WEDGE'],KINDS OF SALADS,green
204,['FEUD', 'MILLIONAIRE', 'PYRAMID', 'WHEEL'],CLASSIC GAME SHOWS, FAMILIARLY,blue
204,['WAY', 'WEE', 'WHY', 'WHOA'],W+ VOWEL SOUND,purple
205,['BREAD', 'BACON', 'LETTUCE', 'TOMATO'],B.L.T INGREDIENTS,yellow
205,['BLOCK', 'CLOG', 'JAM', 'STOP'],OBSTRUCT,green
205,['DOUBLE', 'HIT', 'RUN', 'WALK'],BASEBALL STATS,blue
205,['FRY', 'TALK', 'WORLD', 'WONDER'],SMALL ___,purple
206,['FLOAT', 'FLY', 'GLIDE', 'SOAR'],MOVE THROUGH THE AIR,yellow
206,['BUG', 'MIKE', 'TAP', 'WIRE'],HIDDEN LISTENING DEVICES,green
206,['CHECK', 'MARK', 'TICK', 'X'],SELECT, AS A BOX ON A FORM,blue
206,['40', 'COLE', 'PAIN', 'TIP'],RAPPERS MINUS FIRST LETTER,purple
207,['BOW', 'BOX', 'CARD', 'WRAPPING'],GIFT-GIVING ACCESSORIES,yellow
207,['BLOCK', 'MATCH', 'MESSAGE', 'SWIPE'],DATING APP ACTIONS,green
207,['FIRE', 'LIT', 'SICK', 'TIGHT'],COOL, IN SLANG,blue
207,['BREAK', 'CHARM', 'DUCK', 'STRIKE'],LUCKY ___,purple
208,['JOSH', 'KID', 'RIB', 'TEASE'],PLAYFULLY BOTHER,yellow
208,['HEIGHT', 'MAX', 'PEAK', 'TOP'],APEX,green
208,['DOZEN', 'GROSS', 'PAIR', 'SCORE'],WORDS FOR SPECIFIC QUANTITIES,blue
208,['ADULT', 'KISS', 'TEN', 'TIMES'],WHAT "X" MIGHT MEAN,purple
209,['FUNK', 'MUSK', 'ODOR', 'TANG'],STRONG SMELL,yellow
209,['ROCK', 'SWAY', 'SWING', 'WAVE'],MOVE BACK AND FORTH,green
209,['AFRO', 'BONE', 'FIGHT', 'LOCK'],THINGS TO PICK,blue
209,['CRYSTAL', 'DISCO', 'FOUL', 'GUTTER'],___ BALL,purple
210,['ALPHABET', 'AMAZON', 'APPLE', 'META'],TECH COMPANIES,yellow
210,['BAR', 'FINAL', 'ORAL', 'PHYSICAL'],KINDS OF EXAMS,green
210,['BEAUTY', 'GEM', 'MARVEL', 'PEACH'],SOMETHING EXEMPLARY,blue
210,['BABY', 'EYE', 'SWEET', 'WISDOM'],___ TOOTH,purple
211,['BASKETBALL', 'CARROT', 'GOLDFISH', 'PUMPKIN'],THINGS THAT ARE ORANGE,yellow
211,['POLE', 'ROD', 'STAFF', 'STICK'],LONG, SKINNY OBJECTS,green
211,['CART', 'CLUB', 'HOLE', 'TEE'],SEEN ON A GOLF COURSE,blue
211,['CIRCLE', 'HORSESHOE', 'PITCHFORK', 'TRIANGLE'],SHAPES OF CAPITAL GREEK LETTERS,purple
212,['BROOM', 'MOP', 'RAG', 'SPONGE'],CLEANING SUPPLIES,yellow
212,['SALT', 'FAT', 'ACID', 'HEAT'],ELEMENTS OF COOKING, PER SAMIN NOSRAT,green
212,['DUST', 'PEPPER', 'POLLEN', 'SMOKE'],THINGS THAT MAKE YOU SNEEZE,blue
212,['MAGNUM', 'MONK', 'SHAFT', 'TRACY'],TITULAR FICTIONAL DETECTIVES,purple
213,['CHARM', 'CURSE', 'HEX', 'SPELL'],BIT OF MAGIC,yellow
213,['FLUE', 'GRATE', 'LOG', 'POKER'],FOUND AROUND A FIREPLACE,green
213,['CARDS', 'CHIPS', 'DICE', 'SLOTS'],THINGS SEEN AT A CASINO,blue
213,['CRUMBLE', 'MELT', 'SHRED', 'SLICE'],WAYS TO PREPARE CHEESE,purple
214,['GAS', 'LIQUID', 'PLASMA', 'SOLID'],STATES OF MATTER,yellow
214,['GREAT', 'HERO', 'ICON', 'LEGEND'],ALL-TIMER,green
214,['PHAT', 'PHEW', 'PHILLY', 'PHISH'],"PH" WORDS THAT ALSO WORK WITH "F",blue
214,['ELEVATOR', 'FEVER', 'PERFECT', 'SALES'],___ PITCH,purple
215,['ISSUE', 'MATTER', 'POINT', 'SUBJECT'],TOPIC OF DISCUSSION,yellow
215,['CHAPTER', 'PERIOD', 'PHASE', 'STAGE'],SECTION OF ONE'S LIFE,green
215,['DASH', 'SHOCK', 'TANK', 'WHEEL'],PARTS OF A CAR, INFORMALLY,blue
215,['BLEW', 'CHORAL', 'READ', 'ROWS'],COLOR HOMOPHONES,purple
216,['BADGE', 'INVITE', 'PASS', 'TICKET'],CREDENTIALS FOR ENTRY,yellow
216,['CHAIR', 'DIRECT', 'LEAD', 'RUN'],PRESIDE OVER,green
216,['CENTER', 'END', 'SAFETY', 'TACKLE'],AMERICAN FOOTBALL POSITIONS,blue
216,['HOLD', 'PUNT', 'STALL', 'TABLE'],POSTPONE,purple
217,['BILL', 'CHECK', 'INVOICE', 'TAB'],THINGS TO PAY,yellow
217,['PINCH', 'ROB', 'STEAL', 'SWIPE'],THIEVE,green
217,['BUCK', 'BULL', 'JACK', 'TOM'],MALE ANIMALS,blue
217,['JEAN', 'PANT', 'SHORT', 'TIGHT'],LEGWEAR, IN THE SINGULAR,purple
218,['BALLOT', 'ROSTER', 'SLATE', 'TICKET'],LIST OF CANDIDATES,yellow
218,['BUFFER', 'CUSHION', 'PAD', 'SHIELD'],PROTECTIVE BARRIER,green
218,['CAPSULE', 'CREAM', 'SYRUP', 'TABLET'],MEDICINE FORMATS,blue
218,['COAT', 'GREEN', 'POD', 'SOUP'],PEA ___,purple
219,['CON', 'DUPE', 'FOOL', 'TRICK'],DECEIVE,yellow
219,['DOPE', 'SCOOP', 'SKINNY', 'WORD'],INSIDE INFO,green
219,['CANT', 'LEAN', 'LIST', 'SLOPE'],TILT TO ONE SIDE,blue
220,['MEAN', 'MEDIAN', 'MODE', 'RANGE'],DATA SET DATA,yellow
220,['BASE', 'BOND', 'ELEMENT', 'SOLUTION'],CHEMISTRY TERMS,green
220,['AWFUL', 'PRETTY', 'RATHER', 'REAL'],ADJECTIVE INTENSIFIERS,blue
220,['GLASS', 'GROSS', 'KING', 'STERN'],RADIO HALL OF FAME MEMBERS,purple
221,['GRANDSTAND', 'PEACOCK', 'POSTURE', 'STRUT'],SHOW OFF,yellow
221,['MAIN', 'PARAMOUNT', 'PRIME', 'SUPREME'],FOREMOST,green
221,['BLUE', 'GREEN', 'WHITE', 'YELLOW'],COLORS IN BRAZIL'S FLAG,blue
221,['CHAIN', 'COVER', 'LOVE', 'SCARLET'],___ LETTER,purple
222,['CHERRY', 'FUDGE', 'NUTS', 'SPRINKLES'],SUNDAE TOPPINGS,yellow
222,['DESERT', 'DITCH', 'MAROON', 'STRAND'],LEAVE HIGH AND DRY,green
222,['CURSES', 'DARN', 'RATS', 'SHOOT'],"PHOOEY!",blue
222,['FUZZY', 'PEPPERS', 'SEASHELLS', 'WOODCHUCK'],WORDS IN TOUNGE TWISTERS,purple
223,['DIP', 'DROP', 'FALL', 'SINK'],DECLINE,yellow
223,['BLAZE', 'FLY', 'RACE', 'TEAR'],MOVE WITH SPEED,green
223,['MODERN', 'SALSA', 'SWING', 'TAP'],KINDS OF DANCE,blue
223,['BOOM', 'CARROT', 'SHOWER', 'TALK'],BABY ___,purple
224,['FLEECE', 'HOSE', 'ROB', 'STIFF'],RIP OFF,yellow
224,['CANDLE', 'CRAYON', 'HONEYCOMB', 'SEAL'],THINGS MADE OF WAX,green
224,['CABIN', 'ENGINE', 'NOSE', 'WING'],PARTS OF AN AIRPLANE,blue
224,['BULB', 'EAR', 'HEAD', 'STALK'],UNITS OF VEGETABLES,purple
225,['BATON', 'SCEPTER', 'STAFF', 'WAND'],SYMBOLIC RODS,yellow
225,['CAVITY', 'CROWN', 'FILLING', 'PLAQUE'],DENTAL TERMS,green
225,['APPROVED', 'PAID', 'URGENT', 'VOID'],RUBBER STAMP WORDS,blue
225,['GAP', 'LEAP', 'LIGHT', 'SCHOOL'],___ YEAR,purple
226,['COIN', 'CREATE', 'DEVISE', 'INVENT'],BRING INTO BEING,yellow
226,['FINE', 'PRIME', 'QUALITY', 'STERLING'],EXCELLENT,green
226,['AT', 'DOLLAR', 'PERCENT', 'POUND'],SYMBOLS ABOVE NUMBERS ON A KEYBOARD,blue
226,['BAR', 'BUCK', 'TIME', 'TORCH'],PASS THE ___,purple
227,['CALCULATOR', 'CALENDAR', 'CAMERA', 'CLOCK'],SMARTPHONE FEATURES BEGINNING WITH “C”,yellow
227,['CONE', 'IRIS', 'LENS', 'PUPIL'],PARTS OF THE EYE,green
227,['DADA', 'GRAMMY', 'MUM', 'POPPY'],FAMILIAL NICKNAMES,blue
228,['BIG', 'HOT', 'IN', 'POPULAR'],OF-THE-MOMENT,yellow
228,['CHARACTER', 'GLYPH', 'ICON', 'SYMBOL'],PICTOGRAPH,green
228,['ASSESS', 'CHARGE', 'FINE', 'LEVY'],IMPOSE, AS A PENALTY,blue
228,['HANDSOME', 'HIPPO', 'LEGEND', 'LIPID'],WORDS BEGINNING WITH BODY PARTS,purple
229,['BALL', 'BASE', 'BAT', 'GLOVE'],BASEBALL EQUIPMENT,yellow
229,['BLOW', 'LICK', 'SOCK', 'STRIKE'],HARD HIT,green
229,['BOOT', 'IRON', 'THIMBLE', 'TOP HAT'],ORIGINAL MONOPOLY TOKENS,blue
229,['BAD', 'BUGS', 'DUST', 'HONEY'],___ BUNNY,purple
230,['ACHE', 'BURN', 'SMART', 'STING'],HURT,yellow
230,['GUARD', 'MIND', 'TEND', 'WATCH'],LOOK AFTER,green
230,['BRAIN', 'COURAGE', 'HEART', 'HOME'],SOUGHT AFTER IN “THE WIZARD OF OZ”,blue
230,['ANSWER', 'TWO', 'WRIST', 'WRONG'],SILENT “W”,purple
231,['CREST', 'PEAK', 'SUMMIT', 'VERTEX'],HIGHEST POINT,yellow
231,['CELL', 'CONTACT', 'DIGITS', 'NUMBER'],MODIFIERS MEANING “SMALL”,green
231,['BABY', 'MINI', 'POCKET', 'TOY'],INSIDE A SCRABBLE BOX,blue
232,['PITCH', 'PLUG', 'PROMOTE', 'PUSH'],DO SOME MARKETING FOR,yellow
232,['COUPLE', 'ITEM', 'PAIR', 'THING'],ROMANTIC TWOSOME,green
232,['AD', 'ALL', 'DEUCE', 'LOVE'],TENNIS SCORING TERMS,blue
232,['BREAD', 'DRAGON', 'JACK', 'PASSION'],WORDS WITH “FRUIT”,purple
233,['BANG', 'HAMMER', 'POUND', 'SLAM'],HIT HARD,yellow
233,['CHRONICLE', 'HERALD', 'REGISTER', 'SUN'],NEWSPAPER NAMES,green
233,['BANANA', 'CROISSANT', 'MOON', 'SICKLE'],CRESCENT-SHAPED THINGS,blue
233,['FEATHER', 'FLOWER', 'MUSHROOM', 'STAR'],POWER-UPS IN SUPER MARIO WORLD,purple
234,['CHEER', 'GLEE', 'FESTIVITY', 'MIRTH'],MERRIMENT,yellow
234,['BAND', 'CATERER', 'FLORIST', 'OFFICIANT'],BOOKED FOR A WEDDING,green
234,['CHOIR', 'FIRE', 'LIAR', 'FRYER'],RHYMES,blue
234,['BARBECUE', 'ORCHESTRA', 'SNAKE', 'TAR'],___ PIT,purple
235,['CLIP', 'CUT', 'PARE', 'TRIM'],MAKE SHORTER,yellow
235,['BUILT', 'JACKED', 'RIPPED', 'SWOLE'],MUSCULAR,green
235,['BUFF', 'FAN', 'LOVER', 'NUT'],ENTHUSIAST,blue
235,['BRAIN', 'PRUNE', 'PUG', 'WALNUT'],WRINKLY THINGS,purple
236,['BREAK', 'HOLIDAY', 'LEAVE', 'RECESS'],TIME OFF,yellow
236,['BUCKLE', 'HOLE', 'LOOP', 'STRAP'],FEATURES OF A BELT,green
236,['HOLEY', 'HOLI', 'HOLY', 'WHOLLY'],HOMOPHONES,blue
236,['DOG', 'DRIFT', 'HOLLY', 'SANDAL'],___WOOD,purple
237,['AGENCY', 'COMPANY', 'ENTERPRISE', 'FIRM'],COMMERCIAL ORGANIZATION,yellow
237,['COOP', 'PEN', 'STABLE', 'STY'],FARM FIXTURES,green
237,['FLUFFY', 'REX', 'ROVER', 'SPOT'],CLASSIC DOG NAMES,blue
237,['INK', 'LACK', 'OLD', 'RANGE'],COLORS MINUS THEIR FIRST LETTERS,purple
238,['COCOA', 'COFFEE', 'MATE', 'TEA'],DRINKS WITH CAFFEINE,yellow
238,['BORING', 'DULL', 'MUNDANE', 'VANILLA'],UNEXCITING,green
238,['ACT', 'BIT', 'ROUTINE', 'SET'],COMEDIAN’S PERFORMANCE,blue
238,['DIRTY', 'DRY', 'TWIST', 'UP'],MARTINI SPECIFICATIONS,purple
239,['BROTHER', 'LORD', 'PLEASE', 'SHEESH'],"GIVE ME A BREAK!",yellow
239,['BISHOP', 'CARDINAL', 'PASTOR', 'PRIOR'],ECCLESIASTICAL TITLES,green
239,['HEART', 'MADONNA', 'PRINCE', 'QUEEN'],ROCK & ROLL HALL OF FAME INDUCTEES,blue
239,['DELI', 'NIECE', 'ROAM', 'SOUL'],CITY HOMOPHONES,purple
240,['BRIGHT', 'FLASHY', 'GARISH', 'LOUD'],OSTENTATIOUS, AS AN OUTFIT,yellow
240,['GAS', 'STINKER', 'TOOT', 'WIND'],EUPHEMISMS FOR FLATULENCE,green
240,['DIRTY', 'HONEY', 'PLATINUM', 'STRAWBERRY'],KINDS OF BLOND,blue
240,['HUG', 'OF', 'OXYGEN', 'ZERO'],WHAT “O” MIGHT MEAN,purple
241,['CRAB', 'RAY', 'SPONGE', 'SQUID'],SEA CREATURES,yellow
241,['CIRCLE', 'DIAMOND', 'SQUARE', 'TRIANGLE'],BASIC TWO-DIMENSIONAL SHAPES,green
241,['BOB', 'CROSS', 'HOOK', 'WEAVE'],BOXING MANEUVERS,blue
241,['FEAST', 'FREE', 'PANTS', 'THAT'],FANCY ___,purple
242,['ARROW', 'BOW', 'QUIVER', 'TARGET'],ARCHERY EQUIPMENT,yellow
242,['BRIDGE', 'GIN', 'SPIT', 'WAR'],CARD GAMES,green
242,['BELT', 'CLOCK', 'DECK', 'SLUG'],WALLOP,blue
242,['ANCHOR', 'DRAGON', 'HEART', 'ROSE'],CLASSIC TATTOOS,purple
243,['REWIND', 'SHUFFLE', 'SKIP', 'STOP'],MUSIC PLAYER BUTTONS,yellow
243,['AIR', 'RUN', 'SCREEN', 'SHOW'],BROADCAST,green
243,['BATH', 'CARD', 'CURTAIN', 'PICTURE'],THINGS YOU CAN DRAW,blue
243,['EON', 'ETHER', 'NET', 'TOW'],NUMBER ANAGRAMS,purple
244,['CANARY', 'FINK', 'RAT', 'SNITCH'],STOOL PIGEON,yellow
244,['JAM', 'PACK', 'SQUEEZE', 'STUFF'],CRAM INTO A TIGHT SPACE,green
244,['CAT', 'COW', 'MOUNTAIN', 'TRIANGLE'],YOGA POSES,blue
244,['BUTTER', 'DRAGON', 'FIRE', 'HORSE'],___FLY,purple
245,['BUZZ', 'DRONE', 'HUM', 'PURR'],MONOTONOUS SOUNDS,yellow
245,['BARGE', 'DORY', 'SCOW', 'SLOOP'],BOATS,green
245,['AMERICA', 'HOOK', 'MORGAN', 'NEMO'],CAPTAINS,blue
245,['AUTO', 'BUREAU', 'DEMO', 'PLUTO'],PREFIXES WITH -CRACY,purple
246,['DROP', 'ECHO', 'FREEZE', 'LAG'],BAD THINGS FOR A VIDEO CALL TO DO,yellow
246,['MIME', 'PRISONER', 'REFEREE', 'SAILOR'],COSTUMES WITH STRIPED SHIRTS,green
246,['GENIE', 'MONKEY', 'PARROT', 'PRINCESS'],SEEN IN “ALADDIN”,blue
246,['APOLLO', 'CANDLES', 'FANTASTIC', 'SAMURAI'],MOVIES MINUS NUMBERS,purple
247,['EGG', 'GOAD', 'SPUR', 'URGE'],ENCOURAGE, WITH "ON",yellow
247,['JAWBREAKER', 'MEATBALL', 'MOZZARELLA', 'ORANGE'],SPHERICAL FOODS,green
247,['DAIRY', 'FROZEN', 'PRODUCE', 'SNACK'],GROCERY STORE AISLES,blue
247,['BANANAS', 'FIGURE', 'FISH', 'STEADY'],GO ___,purple
248,['BRUSH', 'GRAZE', 'KISS', 'SKIM'],TOUCH LIGHTLY,yellow
248,['ODD', 'PERFECT', 'PRIME', 'WHOLE'],KINDS OF NUMBERS,green
248,['OYSTER', 'PLUM', 'SOY', 'XO'],SAUCES IN CHINESE CUISINE,blue
248,['CLAW', 'FRUIT', 'HUG', 'WITNESS'],BEAR ___,purple
249,['MONITOR', 'SURVEY', 'TRACK', 'WATCH'],FOLLOW ATTENTIVELY,yellow
249,['BEACH', 'DESERT', 'HOURGLASS', 'PLAYGROUND'],WHERE YOU MIGHT FIND SAND,green
249,['BAKE', 'BROIL', 'LIGHT', 'TIMER'],OVEN BUTTONS,blue
249,['BLUR', 'OASIS', 'PULP', 'SUEDE'],BRITPOP BANDS,purple
250,['CROC', 'LOAFER', 'MOCCASIN', 'SLIPPER'],COMFY SHOES,yellow
250,['BOA', 'HEADDRESS', 'PILLOW', 'SHUTTLECOCK'],THINGS MADE WITH FEATHERS,green
250,['BASIC', 'JAVA', 'PYTHON', 'RUBY'],PROGRAMMING LANGUAGES,blue
250,['COBRA', 'INSPIRATION', 'LIGHTNING', 'UNION'],THINGS THAT CAN STRIKE,purple
251,['CURL', 'LOCK', 'RINGLET', 'TRESS'],BIT OF HAIR,yellow
251,['COVERAGE', 'EXPOSURE', 'PRESS', 'PUBLICITY'],MEDIA ATTENTION,green
251,['DOM', 'ION', 'NESS', 'SHIP'],NOUN SUFFIXES,blue
251,['FAMILY', 'FLEA', 'FLYING', 'MEDIA'],___ CIRCUS,purple
252,['GRAZE', 'NIBBLE', 'PECK', 'SNACK'],EAT A LITTLE,yellow
252,['HUNT', 'TRACK', 'TRAIL', 'STALK'],PURSUE,green
252,['BEANS', 'PASTA', 'STOCK', 'VEGETABLES'],INGREDIENTS IN MINESTRONE,blue
252,['BROAD', 'FORE', 'POD', 'TYPE'],___CAST,purple
253,['KINDLING', 'LOG', 'MATCH', 'TINDER'],USED IN BUILDING A FIRE,yellow
253,['BLOW', 'BUMBLE', 'FLUFF', 'SPOIL'],MESS UP,green
253,['DRILL', 'GRINDER', 'ROUTER', 'SAW'],WORKSHOP TOOLS,blue
253,['FRAME', 'HANDLE', 'HINGE', 'LOCK'],PARTS OF A DOOR,purple
254,['BORE', 'DRAG', 'DRIP', 'DUD'],PARTY POOPER,yellow
254,['BRASS', 'RHYTHM', 'STRING', 'WIND'],MUSICAL SECTIONS,green
254,['BEAD', 'DROP', 'GLOB', 'TEAR'],BIT OF LIQUID,blue
254,['BEAT', 'CHARRED', 'LEAK', 'PEE'],VEGETABLE HOMOPHONES,purple
255,['BADGERS', 'BUGS', 'HOUNDS', 'NAGS'],PESTERS,yellow
255,['ANNIE', 'CABARET', 'CATS', 'COMPANY'],TONY WINNERS FOR BEST MUSICAL,green
255,['COMPUTER', 'PIANO', 'SUPER', 'TESTS'],THEY HAVE KEYS,blue
255,['FISH', 'HARD KNOCKS', 'ROCK', 'THOUGHT'],SCHOOL OF ___,purple
256,['BARK', 'GROWL', 'HOWL', 'WHINE'],DOG SOUNDS,yellow
256,['ARM', 'BRANCH', 'CHAPTER', 'WING'],DEPARTMENT,green
256,['CRADLE', 'FONT', 'ROOT', 'SOURCE'],ORIGIN,blue
256,['CLUE', 'FROWN', 'MELLOW', 'PREEN'],COLORS WITH THEIR FIRST LETTERS CHANGED,purple
257,['CARAVAN', 'FLEET', 'PARADE', 'TRAIN'],PROCESSION,yellow
257,['OLIVE', 'FOREST', 'LIME', 'MINT'],SHADES OF GREEN,green
257,['DEMOCRATIC', 'EROTIC', 'NOBLE', 'SAD'],WHAT “BLUE” MIGHT MEAN,blue
257,['BOOK', 'CACTUS', 'HEDGEHOG', 'SKELETON'],THINGS WITH SPINES,purple
258,['FACTORY', 'MILL', 'PLANT', 'SHOP'],MANUFACTURING LOCATIONS,yellow
258,['WIND', 'WINE', 'WING', 'WINK'],WIN + LETTER,green
258,['CORE', 'RIND', 'SEED', 'STEM'],PARTS OF FRUIT YOU MIGHT NOT EAT,blue
258,['FEATHER', 'HEAVY', 'LIGHT', 'MIDDLE'],WEIGHTS IN BOXING,purple
259,['LUMBER', 'PLOD', 'STOMP', 'TRUDGE'],WALK HEAVILY,yellow
259,['ELASTIC', 'LIMBER', 'PLASTIC', 'SUPPLE'],FLEXIBLE,green
259,['FOIL', 'GLOVE', 'JACKET', 'MASK'],FENCING EQUIPMENT,blue
259,['BASSINET', 'CELLOPHANE', 'HARPOON', 'ORGANISM'],WORDS BEGINNING WITH INSTRUMENTS,purple
260,['BITTER', 'SALTY', 'SOUR', 'SWEET'],BASIC TASTES,yellow
260,['BRAVE', 'CONFRONT', 'FACE', 'MEET'],STAND UP TO, AS A CHALLENGE,green
260,['KIND', 'SORT', 'TYPE', 'VARIETY'],ILK,blue
260,['EXPRESSION', 'MANNER', 'ROMANTIC', 'SURREAL'],ART MOVEMENTS, WITH -ISM,purple
261,['HEADBAND', 'MULLET', 'NEON', 'SPANDEX'],'80S FASHION TRENDS,yellow
261,['PIKE', 'SPLIT', 'STRADDLE', 'TUCK'],GYMNASTICS POSITIONS,green
261,['ANIMAL', 'GOLDFISH', 'OYSTER', 'RITZ'],KINDS OF CRACKERS,blue
261,['CORPORATE', 'ROPE', 'SALMON', 'WORD'],___ LADDER,purple
262,['AMERICAN', 'BLUE', 'JACK', 'SWISS'],CHEESES, FAMILIARLY,yellow
262,['HAMMER', 'HURDLE', 'JAVELIN', 'POLE'],TRACK AND FIELD EQUIPMENT,green
262,['CUBAN', 'KITTEN', 'STILETTO', 'WEDGE'],KINDS OF HEELS,blue
262,['DATE', 'DUTCH', 'JEOPARDY', 'SPACE'],DOUBLE ___,purple
263,['HOP', 'JUMP', 'LEAP', 'SPRING'],PROPEL INTO THE AIR,yellow
263,['CHEST', 'COFFER', 'SAFE', 'VAULT'],PLACE TO STORE VALUABLES,green
263,['AGE', 'DAY', 'ERA', 'TIME'],PERIOD,blue
263,['DRIB', 'FLOW', 'REED', 'TANG'],ANIMALS BACKWARD,purple
264,['BREAD', 'BUTTER', 'GARLIC', 'PARSLEY'],GARLIC BREAD INGREDIENTS,yellow
264,['BET', 'GAMBLE', 'RISK', 'STAKE'],WAGER,green
264,['ADVENTURE', 'FANTASY', 'FRONTIER', 'TOMORROW'],DISNEYLAND LANDS,blue
264,['BASEBALL', 'CRICKET', 'FRUIT', 'VAMPIRE'],___ BAT,purple
265,['AGENT', 'ASSET', 'MOLE', 'SLEEPER'],INTELLIGENCE OPERATIVE,yellow
265,['FOOT', 'LINE', 'METER', 'VERSE'],UNITS IN POETRY,green
265,['COUCH', 'IMPLY', 'INTIMATE', 'SUGGEST'],EXPRESS INDIRECTLY,blue
265,['KELVIN', 'OKAY', 'POTASSIUM', 'THOUSAND'],WHAT “K” MIGHT MEAN,purple
266,['MASS', 'SEA', 'SLEW', 'TON'],LARGE AMOUNT,yellow
266,['BUCKLE', 'CAVE', 'COLLAPSE', 'GIVE'],FALL IN UNDER PRESSURE,green
266,['SHOUT', 'SNAP', 'WAVE', 'WHISTLE'],WAYS TO GET ATTENTION,blue
266,['BUTTON', 'DANCE', 'FLOP', 'LAUGH'],BELLY ___,purple
267,['HALL', 'LIBRARY', 'LOUNGE', 'STUDY'],ROOMS IN THE GAME CLUE,yellow
267,['ASSOCIATE', 'FELLOW', 'PARTNER', 'PEER'],COLLEAGUE,green
267,['BUNNY', 'EGG', 'JELLY BEAN', 'PEEP'],SEEN DURING EASTER,blue
267,['ANIMAL', 'BIRTHMARK', 'SPY', 'UNIT'],WHAT A MOLE CAN BE,purple
268,['GRANDE', 'MARS', 'STYLES', 'SWIFT'],POP MEGASTARS,yellow
268,['CHANNEL', 'MEANS', 'MEDIUM', 'VEHICLE'],METHOD,green
268,['OUTSIDE', 'REMOTE', 'SLIM', 'SMALL'],UNLIKELY, AS CHANCES,blue
268,['LARGE', 'LEGEND', 'PROOF', 'ROOM'],LIVING ___,purple
269,['HANGAR', 'RUNWAY', 'TARMAC', 'TERMINAL'],PARTS OF AN AIRPORT,yellow
269,['ACTION', 'CLAIM', 'COMPLAINT', 'LAWSUIT'],LEGAL TERMS,green
269,['BEANBAG', 'CLUB', 'RING', 'TORCH'],THINGS A JUGGLER JUGGLES,blue
269,['FOXGLOVE', 'GUMSHOE', 'TURNCOAT', 'WINDSOCK'],WORDS ENDING IN CLOTHING,purple
270,['COLLECTIVE', 'COMMON', 'JOINT', 'MUTUAL'],SHARED,yellow
270,['CLEAR', 'DRAIN', 'EMPTY', 'FLUSH'],RID OF CONTENTS,green
270,['CIGARETTE', 'PENCIL', 'TICKET', 'TOE'],ASSOCIATED WITH “STUB”,blue
270,['AMERICAN', 'FEVER', 'LUCID', 'PIPE'],___ DREAM,purple
271,['DART', 'HEM', 'PLEAT', 'SEAM'],THINGS TO SEW,yellow
271,['CAN', 'CURE', 'DRY', 'FREEZE'],WAYS TO PRESERVE FOOD,green
271,['BITE', 'EDGE', 'PUNCH', 'SPICE'],SHARP QUALITY,blue
271,['CONDO', 'HAW', 'HERO', 'LOO'],BIRDS MINUS LAST LETTER,purple
272,['DOWN', 'INHALE', 'SCARF', 'WOLF'],EAT VORACIOUSLY,yellow
272,['CONCENTRATION', 'DEGREE', 'MAJOR', 'MINOR'],AREAS OF ACADEMIC FOCUS,green
272,['BLANKET', 'BROAD', 'GENERAL', 'SWEEPING'],UNIVERSAL,blue
272,['BAR', 'CADET', 'HEATER', 'STATION'],SPACE ___,purple
273,['BALL', 'BONE', 'FRISBEE', 'STICK'],THINGS A DOG CAN FETCH,yellow
273,['BLOCK', 'COVER', 'HIDE', 'OBSCURE'],CONCEAL,green
273,['COMMAND', 'CONTROL', 'OPTION', 'SHIFT'],MAC KEYBOARD KEYS,blue
273,['BLANK', 'FLAKE', 'FORGET', 'SPACE'],EXPERIENCE A MEMORY LAPSE,purple
274,['BABY', 'MOTHER', 'PAMPER', 'SPOIL'],TREAT WITH EXCESSIVE CARE,yellow
274,['BOOTY', 'BUM', 'CAN', 'REAR'],BACKSIDE,green
274,['ROBE', 'SLIPPERS', 'TOWEL', 'WASHCLOTH'],THINGS IN A SPA LOCKER ROOM,blue
274,['CRADLE', 'EYE', 'MEOW', 'PAJAMAS'],CAT’S ___,purple
275,['CLASS', 'DIVISION', 'RANK', 'TIER'],SECTION,yellow
275,['AND', 'ALSO', 'PLUS', 'WITH'],INCLUDING,green
275,['BOSTON', 'GOLDEN', 'LAB', 'PIT'],DOG BREEDS, INFORMALLY,blue
275,['DADDY', 'HARLEM', 'HOWL', 'IF'],FAMOUS POEMS,purple
276,['CANDY', 'COSTUME', 'DECORATIONS', 'PUMPKIN'],HALLOWEEN PURCHASES,yellow
276,['ANISE', 'FENNEL', 'LICORICE', 'TARRAGON'],PLANTS WITH SIMILAR FLAVORS,green
276,['BEAN', 'MELON', 'NOODLE', 'NUT'],FOOD SLANG FOR HEAD,blue
276,['BAGUETTE', 'EMERALD', 'PRINCESS', 'RADIANT'],GEMSTONE CUTS,purple
277,['HIT', 'SMASH', 'SUCCESS', 'WINNER'],BOX OFFICE VICTORY,yellow
277,['BUMP', 'SERVE', 'SET', 'SPIKE'],VOLLEYBALL MOVES,green
277,['MOO', 'NEW', 'PIE', 'ROW'],HOMOPHONES OF GREEK LETTERS,blue
277,['DADDY', 'DAY', 'JACKIE', 'JELL'],___-O,purple
278,['BLAST', 'KNOCK', 'SLAM', 'TRASH'],CRITICIZE,yellow
278,['APOLOGIES', 'OOPS', 'PARDON', 'SORRY'],“MY MISTAKE!”,green
278,['DEFENSE', 'EXCUSE', 'OUT', 'REASON'],ALIBI,blue
278,['DATE', 'DEAD', 'DIRTY', 'DOH'],PLAY ___,purple
279,['CONTRACT', 'LESSEN', 'REDUCE', 'SHRINK'],GET SMALLER,yellow
279,['BUSINESS', 'COACH', 'FIRST', 'PREMIUM'],AIRLINE CLASSES,green
279,['CHECK', 'REVIEW', 'SCREEN', 'VET'],EXAMINE, AS AN APPLICANT,blue
279,['FINALE', 'PILOT', 'PREMIERE', 'SPECIAL'],NOTABLE TV EPISODES,purple
280,['ABSURDITY', 'FOLLY', 'MADNESS', 'NONSENSE'],FOOLISHNESS,yellow
280,['ADVANCE', 'MARCH', 'PROGRESS', 'PUSH'],MOVE FORWARD,green
280,['CHEESE', 'FEET', 'GARBAGE', 'SKUNK'],THINGS THAT MIGHT STINK,blue
280,['CUT', 'FAKE', 'FREEZE', 'SIX'],WORDS AFTER “DEEP”,purple
281,['CYCLE', 'PHASE', 'ROUND', 'STAGE'],SEGMENT OF A PROCESS,yellow
281,['CYGNUS', 'GEMINI', 'ORION', 'PEGASUS'],CONSTELLATIONS,green
281,['CYCLONE', 'GALAXY', 'SNAIL', 'SUNFLOWER'],SPIRALS IN NATURE,blue
281,['CYCLOPS', 'MONOLOGUE', 'SOLITAIRE', 'UNICYCLE'],ASSOCIATED WITH “ONE”,purple
282,['CAST', 'GENRE', 'PLOT', 'TITLE'],MOVIE SUMMARY INFO,yellow
282,['AFFECT', 'AIRS', 'CHARADE', 'FRONT'],PRETENSE,green
282,['BERRY', 'KING', 'PAGE', 'WATERS'],FAMOUS GUITARISTS,blue
282,['FIDDLE', 'GUESS', 'NATURE', 'WIND'],SECOND ___,purple
